Shipment_ID,Shipment_Date,Distance_KM,Shipment_Weight_KG,Order_Volume,Warehouse_Processing_Hours,Traffic_Level,Weather,Vehicle_Type,Transport_Cost,Delivery_Time_Hours,Delivery_Status
SHP10001,2026-01-13,388.11,3.57,5,0.65,Medium,Clear,Bike,288.12,10.75,On Time
SHP10002,2026-02-02,222.24,23.18,12,3.57,Medium,Clear,Van,389.93,9.73,On Time
SHP10003,2026-04-13,430.01,6.89,1,4.78,Low,Cloudy,Bike,325.24,15.65,Delayed
SHP10004,2026-01-02,350.2,8.04,7,4.23,Medium,Clear,Van,320.82,13.49,Delayed
SHP10005,2026-02-21,51.62,31.8,12,1.75,Medium,Clear,Truck,319.19,4.89,On Time
SHP10006,2026-02-26,487.93,19.95,14,0.74,Medium,Clear,Van,424.66,13.24,Delayed
SHP10007,2026-06-24,381.76,46.13,4,4.73,Medium,Clear,Bike,519.18,15.26,Delayed
SHP10008,2026-06-25,394.1,16.3,10,4.72,High,Clear,Van,462.53,15.79,Delayed
SHP10009,2026-06-02,68.42,36.45,3,2.9,Medium,Rain,Truck,312.25,6.0,On Time
SHP10010,2026-03-03,227.94,23.32,2,3.39,Low,Clear,Van,233.56,9.81,On Time
SHP10011,2026-04-05,188.55,33.17,5,2.58,High,Cloudy,Bike,404.28,9.78,On Time
SHP10012,2026-04-01,463.75,30.18,13,2.39,Medium,Clear,Van,471.62,14.76,Delayed
SHP10013,2026-06-04,323.71,23.9,10,1.04,High,Rain,Van,376.98,12.2,Delayed
SHP10014,2026-05-15,412.27,47.53,7,0.94,High,Clear,Van,456.76,13.03,Delayed
SHP10015,2026-06-13,224.49,17.46,4,1.55,High,Clear,Bike,313.12,9.1,On Time
SHP10016,2026-04-10,117.48,9.27,2,4.26,Medium,Clear,Truck,225.91,7.46,On Time
SHP10017,2026-06-15,279.52,34.07,4,1.16,Medium,Clear,Bike,279.69,10.14,On Time
SHP10018,2026-05-14,36.59,42.38,3,1.52,Low,Clear,Bike,269.35,2.93,On Time
SHP10019,2026-05-13,414.68,2.49,3,2.97,Medium,Rain,Bike,301.19,14.89,Delayed
SHP10020,2026-04-30,317.67,22.76,10,1.47,Medium,Clear,Van,324.63,10.29,On Time
SHP10021,2026-03-02,380.25,44.68,2,1.23,Medium,Clear,Van,354.5,11.66,On Time
SHP10022,2026-04-20,180.49,37.61,1,3.03,High,Clear,Bike,343.62,9.82,On Time
SHP10023,2026-03-06,485.5,49.59,8,2.16,Low,Rain,Van,450.88,15.77,Delayed
SHP10024,2026-04-27,447.09,26.8,5,3.32,Medium,Rain,Van,411.31,14.97,Delayed
SHP10025,2026-02-15,390.3,33.17,7,4.6,Medium,Cloudy,Van,454.31,15.88,Delayed
SHP10026,2026-05-24,101.35,15.47,2,1.18,Medium,Cloudy,Truck,147.38,5.89,On Time
SHP10027,2026-04-13,236.03,47.4,3,4.61,Low,Cloudy,Van,415.37,10.91,On Time
SHP10028,2026-05-08,26.68,18.63,7,4.56,Low,Cloudy,Bike,339.6,6.36,On Time
SHP10029,2026-02-09,81.37,37.06,10,4.23,High,Clear,Truck,446.4,8.77,On Time
SHP10030,2026-05-23,343.11,20.46,6,3.34,Medium,Cloudy,Truck,340.64,12.48,Delayed
SHP10031,2026-05-25,373.66,28.31,8,3.29,Low,Rain,Van,394.36,14.5,Delayed
SHP10032,2026-01-27,483.92,36.13,8,3.38,Low,Clear,Truck,454.17,14.8,Delayed
SHP10033,2026-03-05,166.28,25.69,4,3.61,Medium,Cloudy,Van,350.29,8.37,On Time
SHP10034,2026-05-02,188.38,45.4,4,0.57,Low,Clear,Van,314.12,6.79,On Time
SHP10035,2026-06-07,237.43,21.26,6,4.81,Medium,Clear,Truck,382.02,12.0,On Time
SHP10036,2026-05-13,98.79,32.53,1,3.14,Medium,Clear,Truck,287.09,7.87,On Time
SHP10037,2026-03-26,69.31,17.45,10,4.02,Low,Cloudy,Van,297.11,6.7,On Time
SHP10038,2026-02-23,240.47,20.7,9,2.2,Medium,Rain,Van,310.96,10.09,On Time
SHP10039,2026-06-13,117.32,22.28,5,0.56,Low,Clear,Van,194.01,3.63,On Time
SHP10040,2026-06-07,336.56,6.73,6,2.79,Low,Clear,Bike,286.37,11.12,On Time
SHP10041,2026-06-11,221.39,5.04,5,2.78,High,Clear,Truck,217.3,8.9,On Time
SHP10042,2026-02-24,417.18,33.54,10,2.47,Medium,Clear,Van,401.65,14.15,Delayed
SHP10043,2026-03-20,351.63,32.95,11,2.03,High,Storm,Van,414.9,14.61,Delayed
SHP10044,2026-02-13,159.62,33.31,2,1.62,Low,Clear,Van,243.47,5.9,On Time
SHP10045,2026-06-21,416.97,1.48,6,2.87,Low,Clear,Van,270.64,12.6,Delayed
SHP10046,2026-06-06,403.36,16.66,1,2.19,Medium,Clear,Van,241.33,11.7,On Time
SHP10047,2026-02-01,196.8,10.29,7,4.86,Medium,Storm,Truck,328.44,12.66,Delayed
SHP10048,2026-02-14,147.72,39.02,4,1.28,High,Clear,Van,304.5,6.45,On Time
SHP10049,2026-04-10,342.84,43.1,5,1.94,Low,Cloudy,Van,407.53,11.18,On Time
SHP10050,2026-03-16,74.18,12.71,7,1.82,High,Clear,Van,240.03,7.23,On Time
SHP10051,2026-03-24,103.95,33.56,5,2.94,High,Clear,Van,361.98,8.75,On Time
SHP10052,2026-03-08,8.64,6.9,6,2.75,Medium,Cloudy,Bike,206.12,3.6,On Time
SHP10053,2026-05-02,394.53,14.12,11,3.4,Low,Clear,Van,357.97,13.09,Delayed
SHP10054,2026-06-11,334.1,7.36,12,4.78,Medium,Cloudy,Bike,447.37,14.5,Delayed
SHP10055,2026-06-15,354.06,14.53,1,1.78,Low,Clear,Van,185.27,10.06,On Time
SHP10056,2026-03-23,391.46,33.9,6,3.62,Medium,Cloudy,Truck,407.71,13.36,Delayed
SHP10057,2026-05-30,232.16,45.56,12,0.61,Medium,Rain,Van,400.04,9.01,On Time
SHP10058,2026-05-05,286.53,10.52,8,1.68,High,Cloudy,Van,305.7,10.81,On Time
SHP10059,2026-02-05,74.2,27.33,3,2.59,Medium,Clear,Van,223.92,6.75,On Time
SHP10060,2026-05-23,61.69,35.22,9,0.64,Medium,Cloudy,Bike,306.02,4.0,On Time
SHP10061,2026-03-05,335.86,47.67,3,3.28,Medium,Storm,Truck,422.55,14.56,Delayed
SHP10062,2026-04-24,238.19,30.7,1,3.55,Medium,Clear,Van,339.6,9.33,On Time
SHP10063,2026-05-10,284.79,13.13,9,3.86,High,Clear,Bike,392.89,12.25,Delayed
SHP10064,2026-06-19,383.67,31.46,8,2.82,Low,Rain,Bike,445.31,13.7,Delayed
SHP10065,2026-06-20,319.19,16.36,11,3.22,High,Clear,Truck,398.43,13.84,Delayed
SHP10066,2026-05-25,279.02,48.82,5,2.28,High,Cloudy,Bike,496.08,10.89,On Time
SHP10067,2026-04-02,281.81,20.28,12,0.69,High,Rain,Van,315.12,10.67,On Time
SHP10068,2026-03-14,155.46,34.43,6,0.95,Medium,Clear,Bike,285.84,5.27,On Time
SHP10069,2026-03-21,20.25,1.65,11,3.45,High,Cloudy,Bike,355.22,6.69,On Time
SHP10070,2026-06-21,221.18,20.3,2,4.98,Low,Cloudy,Truck,296.02,11.2,On Time
SHP10071,2026-02-06,111.22,43.82,2,0.57,Medium,Clear,Bike,224.06,4.27,On Time
SHP10072,2026-04-05,207.22,30.71,11,3.01,Low,Rain,Bike,407.06,9.61,On Time
SHP10073,2026-05-03,427.43,22.48,12,3.88,Low,Clear,Van,391.92,14.13,Delayed
SHP10074,2026-01-05,120.8,46.83,14,4.22,Medium,Clear,Truck,528.11,9.0,On Time
SHP10075,2026-04-25,33.86,42.77,5,2.95,Low,Rain,Van,352.4,6.57,On Time
SHP10076,2026-02-16,144.29,16.45,1,3.29,Medium,Clear,Bike,220.2,7.62,On Time
SHP10077,2026-02-20,150.33,27.46,14,3.64,High,Rain,Truck,441.18,10.32,On Time
SHP10078,2026-04-22,332.65,24.75,9,4.37,Low,Clear,Van,448.2,12.79,Delayed
SHP10079,2026-01-02,280.73,31.79,4,1.05,Medium,Clear,Truck,235.08,7.83,On Time
SHP10080,2026-01-29,393.03,17.04,11,4.67,Low,Clear,Truck,389.76,14.08,Delayed
SHP10081,2026-03-23,333.84,12.59,13,0.62,Medium,Cloudy,Van,318.62,11.04,On Time
SHP10082,2026-04-16,206.16,45.68,4,4.26,Medium,Rain,Van,407.33,11.13,On Time
SHP10083,2026-01-20,407.94,46.23,11,0.85,Medium,Rain,Van,452.93,13.98,Delayed
SHP10084,2026-03-07,87.65,42.24,12,1.38,Medium,Storm,Van,360.57,7.03,On Time
SHP10085,2026-02-25,16.24,48.92,8,0.52,High,Cloudy,Van,352.63,4.08,On Time
SHP10086,2026-04-07,49.57,37.38,9,2.5,High,Rain,Truck,374.8,7.66,On Time
SHP10087,2026-02-24,362.57,38.35,4,2.0,Medium,Clear,Van,381.91,10.04,On Time
SHP10088,2026-01-01,233.63,38.25,14,1.25,Medium,Rain,Van,437.82,9.64,On Time
SHP10089,2026-04-06,84.83,24.29,14,2.53,Medium,Cloudy,Van,383.43,6.8,On Time
SHP10090,2026-06-02,253.02,23.09,14,2.31,Low,Rain,Van,360.79,11.12,On Time
SHP10091,2026-04-16,80.39,12.39,11,3.95,High,Clear,Van,368.61,9.15,On Time
SHP10092,2026-03-07,349.68,32.42,1,4.52,Low,Clear,Truck,342.91,12.28,Delayed
SHP10093,2026-03-28,225.85,14.82,6,3.44,High,Cloudy,Van,322.68,11.86,On Time
SHP10094,2026-01-26,193.61,13.26,7,1.06,Low,Clear,Bike,266.81,6.12,On Time
SHP10095,2026-02-12,154.25,29.51,14,1.83,Low,Clear,Van,365.47,6.39,On Time
SHP10096,2026-03-20,316.99,20.79,8,4.61,High,Storm,Van,466.5,15.96,Delayed
SHP10097,2026-04-17,184.1,11.33,8,0.9,High,Clear,Truck,277.24,7.44,On Time
SHP10098,2026-03-29,48.39,40.89,3,2.33,High,Clear,Van,336.42,6.86,On Time
SHP10099,2026-06-23,63.41,43.1,12,4.74,High,Clear,Van,485.97,9.63,On Time
SHP10100,2026-04-25,481.14,8.8,5,4.78,Medium,Clear,Van,320.17,16.9,Delayed
SHP10101,2026-01-05,454.75,0.87,2,2.35,Low,Cloudy,Van,242.66,13.57,Delayed
SHP10102,2026-04-05,351.36,17.14,14,3.5,Low,Rain,Bike,471.41,14.19,Delayed
SHP10103,2026-04-15,136.61,39.98,3,2.56,Medium,Storm,Truck,297.26,9.08,On Time
SHP10104,2026-01-08,484.74,42.04,1,3.89,Low,Cloudy,Truck,427.16,16.5,Delayed
SHP10105,2026-03-11,390.48,7.35,2,0.64,High,Cloudy,Van,184.73,11.93,On Time
SHP10106,2026-06-06,359.86,38.83,7,1.15,Low,Clear,Van,357.14,10.47,On Time
SHP10107,2026-03-06,227.43,6.23,2,3.26,Low,Rain,Bike,243.55,10.2,On Time
SHP10108,2026-03-24,139.76,19.81,12,1.55,Low,Clear,Van,280.73,6.0,On Time
SHP10109,2026-02-09,52.71,49.93,8,3.5,Low,Clear,Van,415.08,6.13,On Time
SHP10110,2026-01-14,451.79,10.03,5,2.08,Low,Storm,Van,306.72,15.37,Delayed
SHP10111,2026-02-27,230.61,8.12,1,4.49,Medium,Rain,Bike,281.17,12.27,Delayed
SHP10112,2026-05-20,105.17,21.43,7,4.19,Low,Clear,Van,356.79,7.54,On Time
SHP10113,2026-06-26,156.45,31.17,3,2.72,Medium,Cloudy,Van,325.68,7.54,On Time
SHP10114,2026-04-29,291.71,46.68,14,3.98,High,Clear,Van,583.18,14.82,Delayed
SHP10115,2026-05-30,92.5,49.05,5,1.72,Medium,Clear,Van,288.51,6.04,On Time
SHP10116,2026-04-27,429.02,3.95,7,2.72,Medium,Clear,Bike,320.03,13.85,Delayed
SHP10117,2026-04-29,380.47,7.33,1,1.39,Medium,Clear,Van,213.18,10.62,On Time
SHP10118,2026-03-18,361.13,39.64,2,4.37,Low,Clear,Truck,351.26,13.43,Delayed
SHP10119,2026-01-12,218.89,13.9,3,4.2,Low,Clear,Van,268.25,9.66,On Time
SHP10120,2026-03-15,315.52,44.3,1,4.56,High,Clear,Bike,480.88,13.58,Delayed
SHP10121,2026-06-05,294.13,33.34,11,4.45,Medium,Clear,Van,525.09,13.14,Delayed
SHP10122,2026-04-07,326.67,6.04,14,4.82,Low,Rain,Van,407.98,14.33,Delayed
SHP10123,2026-05-18,46.8,41.71,14,1.53,Medium,Cloudy,Van,392.28,4.96,On Time
SHP10124,2026-01-10,210.82,9.23,4,4.69,High,Rain,Van,313.11,12.85,Delayed
SHP10125,2026-02-06,25.6,21.46,12,3.07,Medium,Clear,Bike,355.7,6.43,On Time
SHP10126,2026-02-23,249.53,27.83,8,2.4,Medium,Cloudy,Van,353.89,10.5,On Time
SHP10127,2026-03-06,168.28,25.29,1,3.02,High,Rain,Van,308.1,9.48,On Time
SHP10128,2026-06-27,76.54,34.47,2,2.04,Medium,Clear,Truck,234.44,5.57,On Time
SHP10129,2026-03-25,56.18,32.81,8,1.8,Medium,Clear,Bike,319.86,4.93,On Time
SHP10130,2026-04-30,295.88,49.61,6,1.59,Low,Clear,Van,407.1,8.69,On Time
SHP10131,2026-04-27,89.44,49.97,1,0.87,Low,Clear,Van,254.37,4.14,On Time
SHP10132,2026-03-17,462.93,26.06,14,2.73,High,Clear,Bike,573.32,16.34,Delayed
SHP10133,2026-06-23,292.63,5.21,11,4.49,Medium,Clear,Van,380.58,14.3,Delayed
SHP10134,2026-02-10,176.7,36.53,8,3.34,Medium,Clear,Bike,439.75,10.02,On Time
SHP10135,2026-01-07,297.5,48.84,14,2.84,Medium,Cloudy,Bike,573.69,12.59,Delayed
SHP10136,2026-05-15,16.29,16.26,14,2.43,Low,Clear,Van,323.37,4.46,On Time
SHP10137,2026-04-28,479.49,23.33,14,2.59,High,Clear,Van,479.08,16.54,Delayed
SHP10138,2026-02-16,243.74,21.53,4,1.44,Low,Cloudy,Van,226.52,7.23,On Time
SHP10139,2026-06-06,392.45,3.05,13,4.2,High,Clear,Bike,498.25,14.76,Delayed
SHP10140,2026-01-30,45.95,33.78,8,1.39,Medium,Clear,Van,316.27,3.74,On Time
SHP10141,2026-02-15,245.9,17.99,11,3.72,Low,Clear,Van,355.6,10.46,On Time
SHP10142,2026-01-28,247.9,39.48,13,3.92,Low,Clear,Truck,489.62,9.88,On Time
SHP10143,2026-02-03,469.22,41.69,3,3.09,High,Clear,Truck,365.87,15.73,Delayed
SHP10144,2026-05-12,288.01,41.15,7,4.38,Low,Clear,Van,441.75,11.89,On Time
SHP10145,2026-05-07,239.38,21.12,2,1.81,Low,Clear,Van,250.66,7.61,On Time
SHP10146,2026-04-26,137.15,16.42,4,4.47,Medium,Storm,Bike,308.56,9.94,On Time
SHP10147,2026-06-04,169.13,37.57,6,3.78,Medium,Rain,Van,396.97,9.77,On Time
SHP10148,2026-01-13,262.73,40.17,12,4.09,Medium,Clear,Bike,460.05,13.21,Delayed
SHP10149,2026-04-22,222.26,24.82,13,3.49,Low,Clear,Van,409.75,10.36,On Time
SHP10150,2026-01-21,15.7,44.71,6,4.31,High,Clear,Bike,430.03,7.14,On Time
SHP10151,2026-06-22,414.01,7.62,5,4.97,Low,Rain,Truck,338.0,15.52,Delayed
SHP10152,2026-04-25,448.6,44.01,8,2.39,Low,Rain,Van,483.99,14.41,Delayed
SHP10153,2026-05-17,74.42,5.26,13,4.16,Low,Clear,Van,319.25,6.66,On Time
SHP10154,2026-04-13,279.25,8.1,14,3.85,Low,Clear,Van,385.59,11.01,On Time
SHP10155,2026-03-11,58.74,26.93,4,2.54,Low,Clear,Van,217.22,5.29,On Time
SHP10156,2026-05-04,337.76,3.84,3,4.67,Low,Rain,Bike,308.61,13.11,Delayed
SHP10157,2026-05-31,144.21,3.11,10,2.27,Low,Rain,Truck,202.01,6.56,On Time
SHP10158,2026-02-02,331.41,0.53,5,3.04,Medium,Clear,Truck,189.53,11.59,On Time
SHP10159,2026-06-06,364.86,22.1,3,0.98,High,Cloudy,Bike,290.27,11.66,On Time
SHP10160,2026-05-11,385.48,38.84,1,1.52,Low,Clear,Van,350.94,9.64,On Time
SHP10161,2026-01-16,58.33,2.22,6,4.28,Low,Cloudy,Van,221.21,6.46,On Time
SHP10162,2026-06-18,458.43,32.79,6,2.28,High,Rain,Bike,473.63,16.37,Delayed
SHP10163,2026-02-02,118.96,41.24,8,2.27,High,Clear,Van,382.08,8.12,On Time
SHP10164,2026-04-19,23.52,8.82,3,1.61,Medium,Clear,Bike,98.94,4.61,On Time
SHP10165,2026-01-24,279.65,7.77,11,2.71,Low,Cloudy,Bike,369.73,11.05,On Time
SHP10166,2026-02-05,188.61,43.11,10,4.13,Medium,Clear,Van,425.07,11.3,On Time
SHP10167,2026-04-26,415.75,41.24,7,4.53,Low,Rain,Van,478.89,17.4,Delayed
SHP10168,2026-05-03,405.08,27.18,3,0.82,Low,Clear,Truck,252.83,11.04,On Time
SHP10169,2026-05-04,161.98,41.05,8,3.09,Medium,Rain,Van,415.06,9.42,On Time
SHP10170,2026-03-03,476.69,5.09,10,2.6,Medium,Clear,Truck,311.62,15.44,Delayed
SHP10171,2026-05-28,149.0,20.03,6,3.26,Medium,Clear,Van,257.34,7.76,On Time
SHP10172,2026-01-09,259.95,37.02,4,2.51,Medium,Clear,Truck,319.43,9.92,On Time
SHP10173,2026-06-03,131.7,13.24,8,2.29,Low,Clear,Van,236.0,5.83,On Time
SHP10174,2026-02-24,468.34,37.74,5,2.62,Low,Clear,Van,391.42,14.32,Delayed
SHP10175,2026-04-22,86.48,25.46,6,3.12,Medium,Cloudy,Van,329.27,6.44,On Time
SHP10176,2026-06-13,27.23,37.64,5,2.75,High,Clear,Truck,304.29,5.6,On Time
SHP10177,2026-02-15,220.37,23.5,5,2.62,Low,Clear,Bike,321.4,8.65,On Time
SHP10178,2026-03-16,496.23,18.71,11,4.18,Medium,Clear,Van,476.27,17.03,Delayed
SHP10179,2026-05-30,446.38,11.35,7,3.86,Low,Clear,Truck,362.35,13.51,Delayed
SHP10180,2026-06-05,375.56,10.81,7,2.04,Low,Rain,Van,282.91,11.1,On Time
SHP10181,2026-02-12,445.94,37.7,10,4.1,Medium,Rain,Truck,518.84,16.08,Delayed
SHP10182,2026-04-02,447.26,6.39,6,4.34,Low,Clear,Van,339.3,14.51,Delayed
SHP10183,2026-03-01,261.83,4.76,2,1.19,Medium,Rain,Bike,197.25,8.97,On Time
SHP10184,2026-04-04,161.38,9.23,12,3.12,Medium,Cloudy,Van,293.34,8.91,On Time
SHP10185,2026-03-10,387.15,9.18,1,1.78,Low,Storm,Van,137.07,12.92,Delayed
SHP10186,2026-01-01,332.52,41.24,9,3.83,Low,Clear,Bike,517.59,13.08,Delayed
SHP10187,2026-06-16,189.96,20.23,4,1.57,Low,Clear,Bike,257.41,7.2,On Time
SHP10188,2026-04-25,51.76,49.52,3,3.52,High,Clear,Bike,405.74,7.67,On Time
SHP10189,2026-03-25,374.66,7.29,1,1.65,Medium,Rain,Truck,168.42,11.77,On Time
SHP10190,2026-01-20,134.92,32.85,13,2.8,Medium,Cloudy,Truck,451.63,8.89,On Time
SHP10191,2026-01-13,468.72,22.71,7,4.77,Low,Clear,Van,427.6,16.77,Delayed
SHP10192,2026-03-28,124.28,19.95,5,2.22,Medium,Clear,Bike,276.29,6.64,On Time
SHP10193,2026-04-27,65.77,43.82,11,4.44,Low,Cloudy,Van,475.8,8.47,On Time
SHP10194,2026-02-16,416.4,48.79,1,4.94,Medium,Rain,Truck,497.65,14.95,Delayed
SHP10195,2026-05-14,80.88,43.71,8,4.44,Medium,Clear,Van,432.22,8.02,On Time
SHP10196,2026-03-12,93.74,10.02,7,1.25,Medium,Cloudy,Van,184.57,4.83,On Time
SHP10197,2026-01-02,301.69,11.43,8,4.19,Low,Clear,Bike,339.51,12.56,Delayed
SHP10198,2026-04-07,437.91,32.98,2,0.64,Low,Clear,Truck,305.63,12.07,Delayed
SHP10199,2026-02-02,102.24,14.81,14,2.27,Low,Clear,Truck,330.32,5.17,On Time
SHP10200,2026-01-03,158.61,36.87,4,4.42,Medium,Rain,Bike,410.86,11.05,On Time
SHP10201,2026-01-24,389.82,28.54,10,3.6,High,Storm,Truck,534.01,16.0,Delayed
SHP10202,2026-02-21,486.05,27.77,11,2.9,Low,Clear,Bike,512.24,14.43,Delayed
SHP10203,2026-04-03,252.87,41.51,5,2.25,Medium,Clear,Bike,365.36,9.42,On Time
SHP10204,2026-06-28,76.23,35.67,2,4.16,Medium,Clear,Truck,317.69,7.05,On Time
SHP10205,2026-02-09,11.9,1.82,5,3.69,Low,Clear,Van,160.66,3.64,On Time
SHP10206,2026-01-11,118.68,2.95,12,2.61,Low,Clear,Van,257.8,6.83,On Time
SHP10207,2026-02-04,70.25,30.28,13,4.52,Low,Clear,Truck,420.58,8.09,On Time
SHP10208,2026-02-27,340.44,24.57,14,1.53,Medium,Clear,Truck,381.72,11.95,On Time
SHP10209,2026-02-06,65.31,13.38,4,1.27,Medium,Clear,Bike,143.54,3.74,On Time
SHP10210,2026-02-27,255.63,21.22,9,3.39,Medium,Clear,Van,414.39,10.82,On Time
SHP10211,2026-06-24,348.66,38.02,3,4.87,High,Rain,Truck,447.49,15.8,Delayed
SHP10212,2026-03-10,292.65,41.42,10,1.61,Medium,Clear,Van,417.58,11.23,On Time
SHP10213,2026-04-25,103.89,28.28,6,1.62,High,Cloudy,Truck,309.55,5.05,On Time
SHP10214,2026-05-04,403.04,19.58,10,1.13,Medium,Rain,Van,360.67,12.04,Delayed
SHP10215,2026-01-24,359.13,13.9,10,4.37,High,Cloudy,Bike,475.36,15.32,Delayed
SHP10216,2026-02-14,370.8,26.33,14,1.52,High,Clear,Bike,501.81,12.34,Delayed
SHP10217,2026-03-16,69.87,16.08,7,2.76,Medium,Clear,Truck,264.57,5.72,On Time
SHP10218,2026-03-24,66.26,28.42,5,4.96,High,Cloudy,Truck,388.47,9.1,On Time
SHP10219,2026-01-03,464.14,33.99,8,0.55,High,Clear,Bike,465.89,13.32,Delayed
SHP10220,2026-04-27,201.8,3.77,3,3.0,Medium,Clear,Bike,231.91,8.61,On Time
SHP10221,2026-02-24,153.97,0.55,2,2.81,Medium,Clear,Truck,151.65,7.57,On Time
SHP10222,2026-02-28,246.85,11.01,8,4.13,Medium,Clear,Bike,404.69,11.05,On Time
SHP10223,2026-04-19,333.12,44.78,12,2.1,High,Clear,Bike,526.72,12.53,Delayed
SHP10224,2026-06-20,478.03,32.49,8,2.35,Medium,Cloudy,Truck,417.75,14.9,Delayed
SHP10225,2026-06-05,146.79,9.01,11,1.26,High,Clear,Truck,281.43,7.3,On Time
SHP10226,2026-06-26,462.78,44.57,3,3.83,Medium,Clear,Truck,422.6,14.65,Delayed
SHP10227,2026-03-16,17.31,23.76,7,4.03,High,Rain,Van,320.12,8.04,On Time
SHP10228,2026-01-22,279.82,24.07,9,1.11,Low,Clear,Van,302.83,8.27,On Time
SHP10229,2026-02-08,318.82,46.81,5,2.27,Medium,Cloudy,Truck,382.81,12.07,Delayed
SHP10230,2026-03-03,57.42,3.44,1,4.52,Medium,Clear,Van,155.22,7.07,On Time
SHP10231,2026-02-24,74.47,11.15,2,0.51,High,Clear,Van,122.3,4.96,On Time
SHP10232,2026-02-07,212.46,29.5,13,1.84,High,Rain,Truck,414.46,9.85,On Time
SHP10233,2026-01-28,483.28,10.18,9,3.0,Medium,Clear,Van,407.11,15.16,Delayed
SHP10234,2026-02-03,300.04,34.14,4,2.0,Medium,Clear,Truck,334.52,9.46,On Time
SHP10235,2026-04-29,466.85,11.1,4,1.72,Low,Rain,Bike,246.52,13.03,Delayed
SHP10236,2026-03-30,403.16,5.41,1,2.57,High,Cloudy,Truck,243.4,14.43,Delayed
SHP10237,2026-01-07,236.35,10.75,14,1.32,Low,Cloudy,Van,299.62,9.11,On Time
SHP10238,2026-04-12,393.46,21.43,2,2.88,Medium,Clear,Van,321.89,12.16,Delayed
SHP10239,2026-06-01,13.83,9.22,11,3.68,Medium,Clear,Truck,297.69,5.5,On Time
SHP10240,2026-03-18,59.03,7.17,4,3.09,Medium,Cloudy,Van,195.27,5.76,On Time
SHP10241,2026-02-27,415.57,43.08,5,0.92,Low,Clear,Van,365.24,11.62,On Time
SHP10242,2026-02-19,399.42,16.36,4,4.3,Low,Clear,Van,345.73,12.84,Delayed
SHP10243,2026-03-10,120.16,18.36,12,1.29,High,Rain,Truck,349.69,6.68,On Time
SHP10244,2026-02-20,267.73,3.24,1,3.94,Medium,Clear,Truck,212.25,11.1,On Time
SHP10245,2026-06-16,304.98,18.19,5,2.12,Low,Clear,Van,303.82,8.55,On Time
SHP10246,2026-06-28,434.53,13.61,4,4.02,Medium,Clear,Bike,414.69,14.69,Delayed
SHP10247,2026-03-03,303.54,30.72,4,1.43,Low,Clear,Bike,340.64,9.16,On Time
SHP10248,2026-06-16,209.22,10.67,3,1.34,High,Cloudy,Truck,152.05,8.61,On Time
SHP10249,2026-06-03,190.22,44.47,13,2.74,Low,Rain,Truck,485.95,9.35,On Time
SHP10250,2026-01-14,215.81,46.52,6,0.65,Low,Clear,Truck,313.24,6.46,On Time
SHP10251,2026-03-30,327.71,5.44,6,1.51,Low,Clear,Bike,275.77,10.05,On Time
SHP10252,2026-04-29,434.41,5.82,6,3.76,Medium,Clear,Van,308.3,14.93,Delayed
SHP10253,2026-03-17,229.68,6.21,14,4.27,Medium,Clear,Truck,353.19,10.98,On Time
SHP10254,2026-03-24,127.68,31.17,5,0.86,Medium,Clear,Truck,301.53,5.3,On Time
SHP10255,2026-03-30,122.15,6.54,5,4.47,Medium,Rain,Bike,255.06,9.39,On Time
SHP10256,2026-05-04,374.28,42.69,5,4.09,Low,Clear,Van,479.66,14.55,Delayed
SHP10257,2026-02-22,409.2,37.84,5,4.41,Low,Clear,Bike,493.93,15.03,Delayed
SHP10258,2026-04-18,57.11,41.08,2,3.64,Low,Storm,Van,305.39,7.99,On Time
SHP10259,2026-02-13,37.95,26.54,9,3.53,High,Clear,Bike,368.33,6.85,On Time
SHP10260,2026-06-10,299.24,49.84,1,2.86,Low,Rain,Bike,373.44,10.78,On Time
SHP10261,2026-01-16,77.36,2.69,4,3.44,High,Clear,Bike,224.6,7.17,On Time
SHP10262,2026-01-13,413.21,20.36,3,4.64,Low,Clear,Truck,316.1,14.42,Delayed
SHP10263,2026-01-07,158.62,16.53,5,0.95,Low,Rain,Van,188.48,5.37,On Time
SHP10264,2026-03-04,76.22,47.46,11,1.92,Low,Clear,Truck,421.84,6.02,On Time
SHP10265,2026-04-20,460.88,29.05,9,0.83,Low,Clear,Van,374.57,12.87,Delayed
SHP10266,2026-06-27,86.94,40.41,14,4.75,Medium,Clear,Van,472.85,8.91,On Time
SHP10267,2026-03-23,145.94,8.93,5,2.5,Medium,Cloudy,Van,244.61,7.64,On Time
SHP10268,2026-02-02,81.04,48.94,13,3.54,Low,Cloudy,Van,482.02,7.5,On Time
SHP10269,2026-03-08,62.17,25.18,1,4.29,Medium,Clear,Van,259.27,7.28,On Time
SHP10270,2026-01-23,15.47,24.94,8,4.96,Medium,Cloudy,Van,383.07,6.44,On Time
SHP10271,2026-03-26,32.42,48.56,12,1.23,High,Cloudy,Truck,413.38,5.4,On Time
SHP10272,2026-05-12,91.45,19.35,8,4.1,High,Clear,Truck,321.47,8.77,On Time
SHP10273,2026-01-07,31.42,20.18,14,4.49,Medium,Clear,Bike,456.71,7.73,On Time
SHP10274,2026-05-20,297.62,29.45,5,0.72,High,Clear,Van,309.35,9.51,On Time
SHP10275,2026-02-11,341.95,6.84,1,3.89,Medium,Clear,Bike,289.81,10.95,On Time
SHP10276,2026-05-02,199.85,16.39,11,2.1,Medium,Clear,Bike,336.28,7.77,On Time
SHP10277,2026-05-27,162.41,10.06,1,3.42,Medium,Clear,Van,240.92,7.99,On Time
SHP10278,2026-05-20,254.74,5.61,11,2.81,Low,Clear,Van,293.41,9.66,On Time
SHP10279,2026-05-01,438.13,43.37,11,1.67,Medium,Clear,Van,442.47,14.62,Delayed
SHP10280,2026-05-05,426.31,29.67,12,1.11,High,Cloudy,Bike,464.18,14.25,Delayed
SHP10281,2026-02-03,26.52,18.25,7,1.03,Low,Clear,Truck,230.28,2.64,On Time
SHP10282,2026-01-25,94.84,20.73,13,0.96,High,Storm,Truck,343.64,7.64,On Time
SHP10283,2026-03-10,122.19,21.86,3,3.37,High,Rain,Van,284.71,9.75,On Time
SHP10284,2026-04-20,128.45,31.84,7,2.08,Low,Cloudy,Truck,337.82,5.92,On Time
SHP10285,2026-04-22,287.76,46.38,2,1.47,Medium,Storm,Bike,389.16,10.8,On Time
SHP10286,2026-05-20,211.05,46.67,11,3.61,High,Rain,Van,509.19,11.59,On Time
SHP10287,2026-02-25,29.38,19.88,10,3.59,High,Clear,Truck,344.97,7.93,On Time
SHP10288,2026-06-05,189.94,16.8,12,2.93,Low,Cloudy,Truck,349.2,8.94,On Time
SHP10289,2026-03-22,264.26,22.83,11,4.71,Low,Clear,Truck,400.58,11.51,On Time
SHP10290,2026-02-14,55.33,28.61,5,2.23,Medium,Cloudy,Van,271.43,5.14,On Time
SHP10291,2026-05-13,417.56,23.36,1,4.26,Low,Clear,Truck,328.51,14.41,Delayed
SHP10292,2026-01-23,30.72,33.11,14,0.84,Low,Clear,Van,295.08,3.09,On Time
SHP10293,2026-03-14,462.8,27.94,7,3.83,Low,Clear,Bike,471.89,14.89,Delayed
SHP10294,2026-05-21,54.06,16.38,2,4.95,Low,Storm,Bike,253.29,7.81,On Time
SHP10295,2026-05-19,422.57,17.61,13,4.31,Medium,Clear,Truck,481.96,15.95,Delayed
SHP10296,2026-02-16,451.81,19.24,14,3.11,Medium,Clear,Van,421.06,15.08,Delayed
SHP10297,2026-01-30,489.89,5.18,7,3.32,Medium,Clear,Van,333.29,15.36,Delayed
SHP10298,2026-01-06,402.0,8.72,11,2.09,Medium,Clear,Truck,313.93,12.01,Delayed
SHP10299,2026-01-17,390.84,36.29,1,3.56,Medium,Rain,Van,401.62,14.31,Delayed
SHP10300,2026-05-29,323.03,19.76,2,3.97,Low,Rain,Van,305.71,12.33,Delayed
SHP10301,2026-05-22,390.6,11.12,4,4.99,Low,Clear,Van,388.79,14.13,Delayed
SHP10302,2026-04-02,71.6,28.35,10,2.72,Low,Clear,Van,353.35,5.77,On Time
SHP10303,2026-04-13,270.35,37.9,2,0.78,Low,Clear,Truck,246.69,8.05,On Time
SHP10304,2026-02-28,259.54,13.24,1,3.18,Low,Clear,Van,235.29,9.81,On Time
SHP10305,2026-02-04,429.5,41.43,10,1.04,Low,Rain,Van,419.3,13.11,Delayed
SHP10306,2026-01-03,234.09,46.41,11,1.6,Low,Cloudy,Van,449.7,8.5,On Time
SHP10307,2026-05-01,195.62,30.07,11,1.98,Medium,Clear,Van,343.27,8.03,On Time
SHP10308,2026-01-07,321.58,33.61,12,3.79,Medium,Cloudy,Truck,451.87,12.67,Delayed
SHP10309,2026-01-19,136.9,3.1,12,1.33,High,Clear,Bike,291.53,6.81,On Time
SHP10310,2026-05-23,74.19,47.3,9,1.25,Medium,Cloudy,Truck,396.07,5.19,On Time
SHP10311,2026-04-15,241.55,19.93,8,0.7,Medium,Clear,Van,218.12,7.28,On Time
SHP10312,2026-03-30,211.36,46.23,12,4.43,Low,Cloudy,Bike,574.16,11.1,On Time
SHP10313,2026-02-09,120.12,29.16,5,3.62,Medium,Clear,Van,327.79,7.26,On Time
SHP10314,2026-01-27,186.92,0.73,2,0.68,Low,Rain,Van,50.94,4.91,On Time
SHP10315,2026-03-25,186.36,2.41,11,0.63,Medium,Clear,Van,148.0,6.97,On Time
SHP10316,2026-03-06,167.11,34.18,4,3.01,Medium,Clear,Truck,286.33,7.97,On Time
SHP10317,2026-04-07,192.83,28.35,14,1.77,Medium,Clear,Van,398.27,7.81,On Time
SHP10318,2026-01-30,344.44,1.81,6,3.19,Low,Clear,Bike,297.72,10.89,On Time
SHP10319,2026-02-11,151.95,37.3,12,2.46,Medium,Clear,Van,436.7,8.29,On Time
SHP10320,2026-01-21,474.68,42.68,1,4.65,High,Cloudy,Van,463.31,18.62,Delayed
SHP10321,2026-03-18,458.59,25.07,10,1.8,Medium,Cloudy,Van,377.09,13.85,Delayed
SHP10322,2026-02-19,243.05,23.55,7,3.56,Medium,Clear,Truck,339.19,10.47,On Time
SHP10323,2026-02-10,167.54,0.77,7,0.74,Medium,Cloudy,Van,168.11,6.68,On Time
SHP10324,2026-04-09,270.04,39.44,4,4.8,Low,Cloudy,Bike,454.08,10.91,On Time
SHP10325,2026-03-31,425.04,16.87,14,4.91,Medium,Clear,Van,485.41,17.66,Delayed
SHP10326,2026-02-07,328.03,44.0,6,3.83,Medium,Clear,Bike,516.12,14.39,Delayed
SHP10327,2026-05-06,403.17,18.97,12,2.59,Low,Clear,Van,386.93,11.32,On Time
SHP10328,2026-03-03,268.7,28.47,6,1.49,Low,Clear,Bike,306.89,8.42,On Time
SHP10329,2026-03-03,318.29,13.88,1,4.16,High,Rain,Van,294.23,13.54,Delayed
SHP10330,2026-03-28,147.64,8.45,13,3.81,Medium,Rain,Truck,376.6,9.58,On Time
SHP10331,2026-01-26,368.77,38.86,3,1.5,Medium,Cloudy,Van,341.27,11.15,On Time
SHP10332,2026-03-17,105.19,25.08,4,2.53,Medium,Clear,Van,249.17,6.78,On Time
SHP10333,2026-04-15,348.93,27.06,13,2.58,Medium,Cloudy,Van,468.09,12.63,Delayed
SHP10334,2026-01-24,431.06,48.29,13,4.22,Medium,Cloudy,Van,653.05,15.87,Delayed
SHP10335,2026-04-12,70.39,48.2,13,3.58,Low,Clear,Van,482.95,6.86,On Time
SHP10336,2026-01-07,309.12,42.85,6,3.39,Medium,Rain,Bike,500.28,13.07,Delayed
SHP10337,2026-04-19,52.07,9.79,11,3.42,Medium,Clear,Truck,326.19,5.67,On Time
SHP10338,2026-01-07,364.23,29.92,5,1.72,Low,Clear,Van,311.1,9.78,On Time
SHP10339,2026-02-01,46.82,43.97,11,2.17,Medium,Clear,Van,401.43,6.62,On Time
SHP10340,2026-03-05,468.29,19.04,8,0.71,Low,Clear,Bike,329.15,11.79,On Time
SHP10341,2026-04-21,73.02,5.5,1,4.04,Medium,Rain,Van,184.39,7.23,On Time
SHP10342,2026-05-10,479.65,40.64,6,2.45,Medium,Clear,Van,428.28,14.64,Delayed
SHP10343,2026-03-26,401.44,24.35,7,2.47,Medium,Clear,Van,361.84,13.37,Delayed
SHP10344,2026-01-24,298.87,28.44,4,1.6,Medium,Clear,Van,281.84,10.77,On Time
SHP10345,2026-03-11,392.4,49.12,6,1.44,High,Clear,Van,438.66,13.38,Delayed
SHP10346,2026-05-22,398.58,30.56,8,3.15,Medium,Clear,Truck,421.61,12.9,Delayed
SHP10347,2026-01-17,473.28,21.54,1,1.55,Medium,Clear,Truck,252.21,12.37,Delayed
SHP10348,2026-05-09,130.42,18.81,3,0.79,Medium,Cloudy,Bike,149.96,4.91,On Time
SHP10349,2026-03-11,297.09,21.17,11,3.95,Low,Clear,Bike,424.63,11.73,On Time
SHP10350,2026-01-01,52.05,6.36,5,2.19,Low,Rain,Truck,127.69,3.69,On Time
SHP10351,2026-05-06,310.0,39.84,9,2.21,Medium,Clear,Truck,417.79,11.59,On Time
SHP10352,2026-01-05,89.79,41.97,8,2.44,Low,Cloudy,Truck,371.64,5.33,On Time
SHP10353,2026-03-08,284.65,14.58,8,4.17,Medium,Rain,Bike,401.38,13.7,Delayed
SHP10354,2026-02-05,288.35,15.54,6,1.94,Medium,Clear,Van,260.87,10.91,On Time
SHP10355,2026-04-16,235.66,43.78,7,3.91,Medium,Clear,Bike,481.11,10.88,On Time
SHP10356,2026-01-11,263.7,1.69,12,4.73,Low,Rain,Truck,337.57,12.73,Delayed
SHP10357,2026-01-17,383.14,26.26,14,3.47,High,Clear,Van,480.6,14.48,Delayed
SHP10358,2026-04-06,400.63,23.45,4,2.44,Medium,Cloudy,Van,349.79,13.32,Delayed
SHP10359,2026-06-28,248.62,34.66,10,3.87,Medium,Clear,Van,473.2,11.11,On Time
SHP10360,2026-01-08,301.8,8.59,14,2.56,Low,Clear,Van,382.34,10.04,On Time
SHP10361,2026-03-24,465.96,33.58,1,2.36,Medium,Clear,Van,334.56,13.83,Delayed
SHP10362,2026-05-25,64.27,19.15,11,2.86,Low,Rain,Bike,350.48,6.02,On Time
SHP10363,2026-02-22,62.97,31.13,7,1.93,Medium,Clear,Van,285.8,4.87,On Time
SHP10364,2026-03-30,48.42,2.48,14,0.97,Low,Rain,Van,239.45,4.66,On Time
SHP10365,2026-05-31,330.64,23.36,9,2.37,High,Cloudy,Van,378.31,12.24,Delayed
SHP10366,2026-05-12,212.21,26.35,12,1.06,Low,Clear,Van,332.58,8.29,On Time
SHP10367,2026-02-22,388.29,11.11,3,2.35,Medium,Clear,Truck,183.97,11.35,On Time
SHP10368,2026-05-16,337.26,7.41,2,3.01,Low,Clear,Van,224.6,11.92,On Time
SHP10369,2026-05-02,170.15,9.83,13,4.69,Medium,Clear,Bike,413.79,9.82,On Time
SHP10370,2026-04-02,449.69,17.53,8,0.66,Medium,Cloudy,Bike,349.17,12.51,Delayed
SHP10371,2026-03-21,382.45,5.29,8,3.3,Medium,Clear,Van,371.58,13.0,Delayed
SHP10372,2026-06-16,138.91,47.39,3,2.56,Low,Clear,Van,312.03,6.45,On Time
SHP10373,2026-06-07,185.28,20.55,4,0.59,Low,Cloudy,Bike,202.68,6.16,On Time
SHP10374,2026-06-28,160.65,40.54,12,1.62,Low,Cloudy,Bike,392.47,7.94,On Time
SHP10375,2026-05-02,83.02,48.73,5,1.03,High,Clear,Bike,336.89,6.38,On Time
SHP10376,2026-03-06,78.15,4.5,9,1.48,Medium,Cloudy,Van,231.58,4.74,On Time
SHP10377,2026-01-20,468.38,32.76,5,1.74,Low,Clear,Van,401.14,13.25,Delayed
SHP10378,2026-01-23,221.76,43.63,4,2.31,High,Cloudy,Bike,387.81,9.61,On Time
SHP10379,2026-06-21,194.74,31.89,3,2.88,Low,Clear,Van,284.61,7.44,On Time
SHP10380,2026-03-07,366.19,21.74,14,0.5,Medium,Clear,Van,348.7,10.14,On Time
SHP10381,2026-01-20,278.73,21.84,14,1.23,Medium,Clear,Van,410.55,9.34,On Time
SHP10382,2026-02-10,468.39,2.28,2,0.92,High,Cloudy,Bike,288.7,13.67,Delayed
SHP10383,2026-01-04,391.25,26.96,5,2.97,Medium,Cloudy,Truck,348.66,12.24,Delayed
SHP10384,2026-04-06,242.29,49.68,8,1.98,Medium,Clear,Truck,383.7,9.37,On Time
SHP10385,2026-04-17,191.3,47.96,6,2.97,High,Rain,Van,404.02,11.68,On Time
SHP10386,2026-03-10,493.38,2.5,11,1.5,Low,Rain,Bike,367.89,14.95,Delayed
SHP10387,2026-05-14,360.29,35.44,4,0.61,High,Clear,Van,347.83,10.81,On Time
SHP10388,2026-03-28,475.84,15.44,1,4.74,High,Cloudy,Bike,366.72,16.74,Delayed
SHP10389,2026-06-22,63.65,45.2,5,0.99,High,Clear,Truck,311.11,5.42,On Time
SHP10390,2026-05-18,426.01,2.73,9,1.07,Low,Storm,Bike,344.62,11.6,On Time
SHP10391,2026-01-14,320.35,46.83,3,1.16,Low,Clear,Truck,320.72,9.95,On Time
SHP10392,2026-02-19,65.35,41.96,12,4.92,Medium,Clear,Van,528.87,8.5,On Time
SHP10393,2026-05-16,296.19,6.32,1,3.28,Medium,Clear,Van,241.92,11.92,On Time
SHP10394,2026-04-07,344.62,3.46,1,3.25,Medium,Clear,Truck,181.05,10.79,On Time
SHP10395,2026-05-16,11.09,41.82,8,4.94,High,Cloudy,Bike,444.04,8.88,On Time
SHP10396,2026-03-02,229.89,8.21,8,0.9,Medium,Clear,Truck,214.54,7.48,On Time
SHP10397,2026-01-07,413.57,26.98,5,4.89,Low,Clear,Bike,439.41,14.8,Delayed
SHP10398,2026-05-22,151.2,45.83,4,1.42,Medium,Clear,Truck,295.85,5.63,On Time
SHP10399,2026-05-22,231.98,28.59,1,3.3,Low,Rain,Van,325.13,10.14,On Time
SHP10400,2026-04-26,223.95,20.16,10,2.39,Low,Rain,Bike,330.31,9.71,On Time
SHP10401,2026-03-14,154.45,22.53,6,2.23,Low,Clear,Truck,290.8,7.68,On Time
SHP10402,2026-01-02,459.63,3.62,2,4.69,High,Clear,Bike,365.17,17.51,Delayed
SHP10403,2026-05-12,391.74,48.45,6,1.17,Medium,Clear,Bike,453.43,11.38,On Time
SHP10404,2026-04-29,59.74,15.88,14,4.99,Medium,Rain,Truck,423.11,8.52,On Time
SHP10405,2026-05-01,498.53,9.87,4,2.21,Medium,Cloudy,Van,279.34,13.9,Delayed
SHP10406,2026-01-31,440.2,14.66,13,3.42,Medium,Cloudy,Truck,435.46,16.3,Delayed
SHP10407,2026-05-12,145.53,48.24,4,4.86,High,Rain,Van,407.84,11.02,On Time
SHP10408,2026-05-11,419.26,5.17,3,0.76,High,Clear,Van,231.25,13.07,Delayed
SHP10409,2026-06-04,57.68,43.43,4,4.65,Medium,Cloudy,Van,330.02,8.09,On Time
SHP10410,2026-04-13,499.56,35.54,5,3.06,High,Clear,Bike,498.98,16.98,Delayed
SHP10411,2026-05-12,334.51,41.59,2,3.67,Medium,Clear,Truck,404.7,12.38,Delayed
SHP10412,2026-03-14,326.81,48.81,9,1.17,Medium,Clear,Bike,484.31,10.94,On Time
SHP10413,2026-05-06,49.77,42.19,5,2.9,High,Clear,Van,331.74,6.7,On Time
SHP10414,2026-05-05,449.03,47.2,11,3.53,Medium,Rain,Van,525.73,16.23,Delayed
SHP10415,2026-05-21,19.35,6.78,7,2.55,Medium,Clear,Van,191.35,4.84,On Time
SHP10416,2026-06-04,124.21,39.89,7,1.2,Low,Rain,Van,319.2,5.81,On Time
SHP10417,2026-01-01,75.8,27.51,7,1.6,Medium,Cloudy,Truck,222.36,4.69,On Time
SHP10418,2026-05-21,389.5,27.4,3,4.34,Medium,Cloudy,Truck,369.52,14.93,Delayed
SHP10419,2026-05-23,103.11,45.0,10,0.66,Medium,Rain,Truck,364.05,5.75,On Time
SHP10420,2026-04-09,455.77,48.6,2,3.69,Medium,Clear,Van,451.98,15.65,Delayed
SHP10421,2026-04-04,329.85,35.39,11,5.0,Low,Clear,Van,523.07,13.56,Delayed
SHP10422,2026-05-11,22.9,24.41,14,0.53,High,Clear,Bike,331.24,3.53,On Time
SHP10423,2026-03-23,7.69,23.09,11,1.22,Low,Clear,Van,253.49,3.79,On Time
SHP10424,2026-03-16,30.57,19.62,7,3.53,High,Rain,Van,263.74,8.44,On Time
SHP10425,2026-05-25,304.93,18.4,5,0.77,Low,Clear,Van,240.26,8.9,On Time
SHP10426,2026-05-23,401.73,19.88,13,3.15,Medium,Clear,Bike,462.92,13.93,Delayed
SHP10427,2026-02-07,123.08,4.94,4,3.58,Medium,Clear,Truck,201.27,7.31,On Time
SHP10428,2026-05-30,425.46,4.33,7,3.15,High,Clear,Truck,328.8,15.84,Delayed
SHP10429,2026-02-28,33.33,39.1,11,2.14,Low,Cloudy,Truck,398.81,4.42,On Time
SHP10430,2026-01-25,401.48,22.58,13,3.64,High,Clear,Bike,531.02,15.29,Delayed
SHP10431,2026-06-08,464.26,46.57,13,3.17,Medium,Rain,Truck,560.21,17.71,Delayed
SHP10432,2026-02-12,387.19,30.8,2,1.43,Medium,Cloudy,Bike,305.66,11.54,On Time
SHP10433,2026-02-06,350.57,2.24,13,3.03,Medium,Rain,Van,365.77,14.45,Delayed
SHP10434,2026-02-18,419.8,8.3,2,4.47,Low,Clear,Bike,340.68,13.42,Delayed
SHP10435,2026-03-30,24.87,10.69,9,3.5,Medium,Cloudy,Van,308.72,6.21,On Time
SHP10436,2026-01-30,104.88,48.8,14,2.62,Low,Clear,Van,458.6,8.1,On Time
SHP10437,2026-01-29,66.84,11.33,10,1.95,Low,Clear,Bike,245.07,4.59,On Time
SHP10438,2026-03-12,254.74,26.03,14,0.89,Medium,Cloudy,Van,404.87,8.82,On Time
SHP10439,2026-02-09,373.87,46.84,5,1.6,Medium,Cloudy,Van,402.55,11.17,On Time
SHP10440,2026-02-04,316.86,48.87,5,0.55,Low,Clear,Truck,311.64,9.43,On Time
SHP10441,2026-06-14,426.31,12.2,5,4.94,Low,Rain,Van,431.36,15.4,Delayed
SHP10442,2026-04-18,81.83,2.93,5,1.5,Low,Clear,Van,114.25,3.9,On Time
SHP10443,2026-01-03,368.64,8.1,10,4.17,Low,Cloudy,Bike,408.83,12.92,Delayed
SHP10444,2026-01-19,100.56,3.63,7,1.26,Medium,Storm,Truck,181.08,7.33,On Time
SHP10445,2026-05-27,139.03,10.16,11,1.78,Low,Clear,Bike,285.27,6.76,On Time
SHP10446,2026-02-18,356.4,28.64,6,2.38,High,Rain,Van,378.4,13.61,Delayed
SHP10447,2026-01-28,490.2,45.67,5,1.96,Low,Cloudy,Bike,472.41,13.51,Delayed
SHP10448,2026-04-30,307.71,27.09,3,4.09,Low,Rain,Van,342.2,13.32,Delayed
SHP10449,2026-05-31,31.98,31.49,8,4.81,High,Cloudy,Van,382.33,8.32,On Time
SHP10450,2026-03-13,310.07,10.49,13,4.44,Low,Cloudy,Van,466.41,12.23,Delayed
SHP10451,2026-05-14,25.96,40.13,13,1.19,Medium,Clear,Van,369.24,3.03,On Time
SHP10452,2026-03-17,442.65,31.08,4,4.0,High,Cloudy,Van,453.76,16.14,Delayed
SHP10453,2026-01-20,356.24,43.27,7,1.17,High,Clear,Van,408.77,11.09,On Time
SHP10454,2026-05-24,90.7,47.47,10,4.61,Medium,Storm,Bike,487.05,9.92,On Time
SHP10455,2026-06-15,50.4,17.72,9,2.83,Low,Clear,Van,269.01,5.53,On Time
SHP10456,2026-06-27,95.85,4.98,1,2.01,Medium,Clear,Van,93.56,4.86,On Time
SHP10457,2026-01-19,490.11,11.68,9,1.21,High,Rain,Van,345.45,15.67,Delayed
SHP10458,2026-04-12,231.99,22.17,1,0.55,High,Clear,Bike,224.31,7.42,On Time
SHP10459,2026-04-23,393.12,47.31,2,1.62,Low,Clear,Van,393.29,11.32,On Time
SHP10460,2026-01-15,320.02,19.23,10,4.61,Medium,Cloudy,Van,401.39,14.91,Delayed
SHP10461,2026-06-21,288.34,38.65,2,4.09,Low,Clear,Bike,391.74,11.11,On Time
SHP10462,2026-01-19,76.84,27.25,5,4.86,Low,Clear,Bike,323.37,7.73,On Time
SHP10463,2026-02-18,473.28,9.55,9,0.95,Medium,Clear,Van,345.18,12.17,Delayed
SHP10464,2026-06-24,154.16,16.38,10,3.16,Low,Clear,Van,301.26,8.7,On Time
SHP10465,2026-04-11,291.12,32.83,7,1.66,Low,Clear,Van,355.88,8.99,On Time
SHP10466,2026-05-03,351.39,33.81,2,2.94,Low,Clear,Bike,398.76,12.15,Delayed
SHP10467,2026-03-30,326.37,22.02,12,1.94,Medium,Clear,Truck,367.96,11.15,On Time
SHP10468,2026-05-16,470.59,11.82,14,1.78,Low,Clear,Van,355.77,14.06,Delayed
SHP10469,2026-01-15,78.48,36.23,13,3.08,Medium,Clear,Van,394.92,7.5,On Time
SHP10470,2026-05-02,256.63,8.86,11,1.32,Low,Cloudy,Truck,284.01,8.14,On Time
SHP10471,2026-01-12,205.0,46.87,6,2.61,High,Cloudy,Van,393.53,10.86,On Time
SHP10472,2026-02-02,239.71,9.8,13,3.43,Low,Clear,Bike,395.76,9.66,On Time
SHP10473,2026-04-02,64.01,5.81,7,1.08,Medium,Clear,Van,174.41,4.4,On Time
SHP10474,2026-03-22,71.38,25.13,2,4.69,Low,Rain,Truck,292.87,7.4,On Time
SHP10475,2026-01-28,142.65,26.22,12,2.78,Low,Cloudy,Truck,376.46,7.83,On Time
SHP10476,2026-05-24,155.83,25.66,5,4.19,Low,Clear,Bike,323.46,8.28,On Time
SHP10477,2026-02-24,216.81,22.12,14,3.44,Low,Clear,Truck,382.71,9.88,On Time
SHP10478,2026-06-05,307.44,49.74,6,3.7,Low,Clear,Van,480.56,11.16,On Time
SHP10479,2026-01-03,319.14,24.57,13,3.72,Medium,Rain,Bike,477.93,13.8,Delayed
SHP10480,2026-02-12,208.85,24.16,8,4.44,Medium,Rain,Van,325.23,11.54,On Time
SHP10481,2026-02-23,207.35,21.38,7,3.26,Low,Rain,Van,339.4,9.26,On Time
SHP10482,2026-04-18,112.73,3.81,5,1.75,Medium,Clear,Van,146.07,5.47,On Time
SHP10483,2026-03-14,296.21,29.85,12,0.95,Medium,Clear,Truck,378.76,9.73,On Time
SHP10484,2026-01-29,161.94,11.78,1,3.23,Low,Clear,Van,235.29,6.88,On Time
SHP10485,2026-04-13,22.85,32.06,7,0.8,Medium,Clear,Van,258.34,2.97,On Time
SHP10486,2026-06-22,212.11,3.02,6,1.59,Low,Clear,Van,213.56,6.41,On Time
SHP10487,2026-01-25,239.7,49.08,8,0.77,Low,Cloudy,Bike,407.25,9.14,On Time
SHP10488,2026-02-15,116.67,23.72,4,2.97,Medium,Clear,Van,316.82,7.6,On Time
SHP10489,2026-03-28,288.37,44.89,10,1.22,High,Rain,Truck,403.32,11.63,On Time
SHP10490,2026-05-11,285.06,24.04,6,3.25,High,Clear,Van,372.62,12.85,Delayed
SHP10491,2026-01-25,352.49,3.49,3,4.06,High,Clear,Bike,347.91,12.79,Delayed
SHP10492,2026-02-11,325.73,41.2,3,4.2,Medium,Rain,Van,419.43,12.14,Delayed
SHP10493,2026-02-12,327.95,32.59,10,1.89,Low,Cloudy,Truck,405.53,10.53,On Time
SHP10494,2026-04-21,161.53,39.2,4,2.97,Low,Clear,Truck,319.4,6.72,On Time
SHP10495,2026-01-15,394.78,21.69,5,3.03,Low,Cloudy,Van,392.21,12.72,Delayed
SHP10496,2026-04-29,276.83,32.08,9,2.63,Low,Clear,Van,441.41,10.21,On Time
SHP10497,2026-03-18,218.55,42.88,5,3.45,Low,Clear,Van,400.66,9.97,On Time
SHP10498,2026-03-01,314.88,31.74,6,1.45,Medium,Clear,Truck,335.1,9.42,On Time
SHP10499,2026-06-05,183.53,17.71,4,4.91,Low,Clear,Truck,336.53,9.96,On Time
SHP10500,2026-05-28,258.81,33.3,5,0.94,Low,Cloudy,Truck,247.5,7.9,On Time
SHP10501,2026-05-25,369.67,33.76,10,4.23,Medium,Clear,Van,457.59,14.66,Delayed
SHP10502,2026-06-09,443.77,48.05,8,3.17,Medium,Cloudy,Bike,586.13,14.94,Delayed
SHP10503,2026-02-12,460.92,18.86,14,1.6,High,Rain,Van,449.58,16.52,Delayed
SHP10504,2026-06-03,254.3,21.54,11,3.86,Low,Clear,Bike,421.17,10.78,On Time
SHP10505,2026-02-01,262.54,40.7,1,0.88,Medium,Clear,Bike,309.37,9.15,On Time
SHP10506,2026-03-01,400.94,25.54,6,3.98,Low,Clear,Van,338.27,13.41,Delayed
SHP10507,2026-04-10,160.65,36.96,5,3.15,Medium,Rain,Van,353.89,9.51,On Time
SHP10508,2026-05-14,419.5,23.26,9,1.0,Low,Cloudy,Truck,300.05,11.68,On Time
SHP10509,2026-04-14,249.6,11.17,4,0.86,Low,Cloudy,Truck,195.27,7.06,On Time
SHP10510,2026-04-11,62.35,37.39,14,3.88,Medium,Clear,Truck,487.26,8.01,On Time
SHP10511,2026-03-09,40.67,6.99,5,1.82,Low,Clear,Truck,169.07,3.23,On Time
SHP10512,2026-04-17,421.79,10.33,8,4.5,Low,Clear,Van,391.71,13.24,Delayed
SHP10513,2026-03-27,32.51,31.53,2,3.93,High,Clear,Bike,277.93,5.15,On Time
SHP10514,2026-03-27,143.9,37.49,13,3.64,Low,Cloudy,Van,469.96,9.49,On Time
SHP10515,2026-04-16,170.39,44.79,13,1.75,Medium,Clear,Bike,479.13,8.66,On Time
SHP10516,2026-04-19,90.63,13.99,12,3.69,Medium,Clear,Bike,389.53,8.76,On Time
SHP10517,2026-03-01,160.38,5.98,5,4.77,Low,Clear,Bike,340.01,8.99,On Time
SHP10518,2026-01-25,372.63,47.82,1,0.91,Medium,Clear,Truck,278.87,9.87,On Time
SHP10519,2026-02-23,12.27,8.14,10,1.97,Low,Cloudy,Van,208.96,3.29,On Time
SHP10520,2026-03-15,414.45,10.28,7,1.56,Medium,Clear,Truck,252.15,12.26,Delayed
SHP10521,2026-01-29,428.99,14.92,14,2.27,Low,Rain,Truck,389.88,13.4,Delayed
SHP10522,2026-02-01,189.27,26.7,10,3.84,Low,Rain,Truck,384.22,11.06,On Time
SHP10523,2026-06-21,81.04,44.2,8,2.63,Low,Rain,Bike,378.33,7.85,On Time
SHP10524,2026-02-20,302.42,38.15,14,3.07,High,Cloudy,Truck,534.81,13.65,Delayed
SHP10525,2026-05-14,64.24,35.55,12,1.91,Medium,Cloudy,Truck,344.94,5.72,On Time
SHP10526,2026-01-24,185.64,9.17,7,1.14,High,Cloudy,Truck,201.86,7.15,On Time
SHP10527,2026-06-25,479.42,18.21,1,1.7,Medium,Clear,Bike,294.05,14.38,Delayed
SHP10528,2026-02-08,497.75,24.18,2,4.37,Medium,Clear,Bike,432.99,16.73,Delayed
SHP10529,2026-03-12,387.19,7.8,7,3.21,Medium,Cloudy,Truck,274.24,13.3,Delayed
SHP10530,2026-05-21,158.93,14.03,8,2.2,High,Clear,Bike,308.58,8.63,On Time
SHP10531,2026-02-06,345.39,15.76,1,4.05,Medium,Clear,Van,294.9,12.45,Delayed
SHP10532,2026-04-09,354.18,6.8,2,0.79,Medium,Rain,Van,159.78,10.49,On Time
SHP10533,2026-05-22,196.98,27.74,10,1.64,Medium,Clear,Bike,387.01,7.09,On Time
SHP10534,2026-01-05,322.24,35.4,11,1.54,Medium,Clear,Bike,446.96,11.45,On Time
SHP10535,2026-01-05,10.31,3.96,1,4.93,Low,Cloudy,Truck,208.5,5.63,On Time
SHP10536,2026-05-22,108.48,24.32,8,3.68,Medium,Clear,Truck,336.41,8.52,On Time
SHP10537,2026-02-17,264.92,39.22,2,3.28,Low,Rain,Truck,335.66,10.58,On Time
SHP10538,2026-06-13,86.06,37.53,11,0.52,High,Clear,Van,341.22,5.48,On Time
SHP10539,2026-06-16,87.12,40.85,12,1.33,Medium,Rain,Bike,393.58,5.49,On Time
SHP10540,2026-06-08,418.97,22.69,13,3.36,High,Rain,Van,506.1,16.94,Delayed
SHP10541,2026-06-29,494.62,41.12,9,2.21,Medium,Clear,Van,468.1,14.69,Delayed
SHP10542,2026-05-29,280.2,12.42,9,4.66,Medium,Clear,Bike,424.48,12.26,Delayed
SHP10543,2026-03-11,420.34,18.36,13,3.94,Low,Clear,Truck,415.43,14.74,Delayed
SHP10544,2026-06-28,495.21,9.23,9,2.51,High,Clear,Truck,374.33,16.22,Delayed
SHP10545,2026-03-04,75.09,23.64,7,3.87,Medium,Clear,Van,315.02,6.16,On Time
SHP10546,2026-04-16,226.88,19.91,11,4.89,Low,Storm,Van,440.32,12.61,Delayed
SHP10547,2026-01-02,199.32,12.43,9,2.57,Low,Clear,Van,290.29,8.55,On Time
SHP10548,2026-06-23,44.62,37.71,12,3.39,Low,Rain,Bike,454.24,6.47,On Time
SHP10549,2026-04-17,378.89,16.04,8,4.63,Medium,Clear,Van,381.03,14.55,Delayed
SHP10550,2026-06-20,219.72,14.0,13,1.62,Medium,Storm,Van,294.61,10.11,On Time
SHP10551,2026-03-05,237.32,6.98,1,4.49,High,Clear,Van,254.53,11.65,On Time
SHP10552,2026-02-26,79.58,22.22,1,0.94,Medium,Clear,Van,130.34,3.24,On Time
SHP10553,2026-04-05,94.56,15.5,2,3.42,Medium,Cloudy,Truck,188.87,6.84,On Time
SHP10554,2026-06-05,454.02,18.78,8,4.02,Medium,Clear,Bike,482.24,16.37,Delayed
SHP10555,2026-04-09,27.1,12.18,10,3.27,High,Rain,Bike,312.08,6.68,On Time
SHP10556,2026-05-23,120.26,38.28,4,2.73,High,Clear,Bike,349.1,7.76,On Time
SHP10557,2026-02-08,149.57,46.54,3,3.28,Low,Clear,Bike,367.16,6.77,On Time
SHP10558,2026-05-20,247.65,25.15,13,1.18,High,Clear,Van,375.05,10.39,On Time
SHP10559,2026-05-12,295.29,32.33,11,1.47,Medium,Cloudy,Truck,421.73,10.24,On Time
SHP10560,2026-06-11,249.18,43.43,10,1.71,High,Clear,Truck,412.58,9.86,On Time
SHP10561,2026-01-11,46.64,49.94,7,3.19,High,Clear,Van,394.07,7.24,On Time
SHP10562,2026-03-11,125.62,30.87,6,2.49,Medium,Clear,Van,337.44,6.21,On Time
SHP10563,2026-01-16,422.58,44.54,1,1.6,Low,Clear,Bike,384.69,11.19,On Time
SHP10564,2026-03-14,320.61,45.48,3,4.47,Medium,Clear,Van,499.2,12.31,Delayed
SHP10565,2026-05-17,326.33,39.68,13,2.18,Low,Rain,Van,452.61,11.21,On Time
SHP10566,2026-04-26,336.75,23.32,5,2.51,Medium,Clear,Truck,332.98,12.28,Delayed
SHP10567,2026-05-16,382.64,4.52,10,2.34,Low,Cloudy,Van,335.09,11.66,On Time
SHP10568,2026-05-13,33.76,1.28,10,1.32,Medium,Clear,Bike,179.48,3.96,On Time
SHP10569,2026-06-28,186.47,24.12,5,3.79,High,Clear,Van,334.3,9.92,On Time
SHP10570,2026-06-08,272.07,24.97,3,2.52,Low,Clear,Bike,329.17,9.76,On Time
SHP10571,2026-04-16,172.54,20.66,10,0.57,Medium,Clear,Truck,284.73,5.64,On Time
SHP10572,2026-06-07,423.02,28.62,2,4.84,Medium,Clear,Bike,412.43,15.57,Delayed
SHP10573,2026-01-09,243.87,27.83,7,4.17,Medium,Clear,Bike,393.6,11.32,On Time
SHP10574,2026-05-10,385.47,41.91,13,3.76,Low,Clear,Bike,511.83,15.46,Delayed
SHP10575,2026-04-04,426.75,5.88,10,4.41,Low,Storm,Truck,380.08,16.84,Delayed
SHP10576,2026-06-22,254.87,11.65,11,4.58,Medium,Clear,Van,389.18,11.71,On Time
SHP10577,2026-04-01,455.23,39.75,2,2.02,Medium,Clear,Van,369.33,13.98,Delayed
SHP10578,2026-02-02,295.63,42.47,3,3.25,Medium,Clear,Van,350.97,12.65,Delayed
SHP10579,2026-05-11,425.89,49.74,4,3.24,Low,Clear,Bike,469.77,12.84,Delayed
SHP10580,2026-06-21,173.59,43.71,5,1.7,Medium,Cloudy,Truck,324.69,6.98,On Time
SHP10581,2026-01-03,251.91,44.55,3,1.5,Medium,Clear,Bike,346.53,8.53,On Time
SHP10582,2026-01-12,268.05,16.06,14,1.01,Low,Cloudy,Bike,363.38,8.43,On Time
SHP10583,2026-04-30,56.96,20.38,3,3.47,Medium,Clear,Van,266.36,5.82,On Time
SHP10584,2026-04-11,202.28,13.77,10,4.01,Low,Clear,Bike,427.04,8.89,On Time
SHP10585,2026-04-09,459.08,30.51,9,3.92,Medium,Rain,Bike,523.95,17.55,Delayed
SHP10586,2026-01-17,317.26,46.97,9,1.92,High,Clear,Truck,480.92,11.2,On Time
SHP10587,2026-04-13,92.87,17.56,4,1.42,Medium,Rain,Van,179.42,5.4,On Time
SHP10588,2026-04-13,172.73,28.07,5,2.54,Medium,Clear,Bike,283.11,8.54,On Time
SHP10589,2026-06-02,99.84,15.17,9,2.96,Low,Rain,Van,277.64,6.96,On Time
SHP10590,2026-03-12,17.29,8.91,5,4.64,Low,Clear,Van,203.08,5.14,On Time
SHP10591,2026-03-04,464.09,10.16,10,4.44,Low,Clear,Bike,460.55,15.06,Delayed
SHP10592,2026-01-15,226.86,3.37,1,4.62,Medium,Rain,Bike,240.03,11.15,On Time
SHP10593,2026-04-13,157.23,47.49,2,4.33,High,Clear,Van,370.2,9.9,On Time
SHP10594,2026-04-27,301.25,20.44,11,4.84,Low,Clear,Van,481.7,12.98,Delayed
SHP10595,2026-02-20,8.62,41.79,9,2.59,Low,Storm,Truck,345.28,4.87,On Time
SHP10596,2026-05-12,142.62,34.23,1,0.71,Low,Cloudy,Van,169.03,5.26,On Time
SHP10597,2026-06-18,353.0,10.0,13,0.88,Medium,Cloudy,Bike,384.29,10.95,On Time
SHP10598,2026-02-01,318.72,9.19,1,2.26,Medium,Cloudy,Van,193.89,10.64,On Time
SHP10599,2026-04-14,490.99,40.69,14,1.66,Medium,Rain,Van,546.56,16.54,Delayed
SHP10600,2026-05-05,312.08,13.6,11,1.26,High,Rain,Bike,351.25,11.48,On Time
SHP10601,2026-01-04,241.37,45.71,14,4.79,Low,Cloudy,Van,545.33,11.79,On Time
SHP10602,2026-02-02,381.91,7.43,14,1.38,Medium,Clear,Bike,397.4,11.55,On Time
SHP10603,2026-03-13,452.15,34.05,5,4.82,Medium,Clear,Truck,461.96,16.36,Delayed
SHP10604,2026-01-25,361.74,40.82,11,3.92,Low,Cloudy,Truck,508.54,13.68,Delayed
SHP10605,2026-03-05,481.79,12.15,3,3.38,High,Rain,Van,340.31,16.48,Delayed
SHP10606,2026-01-27,392.09,14.17,7,3.54,Low,Clear,Truck,342.59,11.97,On Time
SHP10607,2026-06-11,434.07,48.24,4,1.99,Medium,Clear,Truck,422.18,13.0,Delayed
SHP10608,2026-04-18,61.48,13.6,7,3.41,Medium,Clear,Bike,283.19,6.51,On Time
SHP10609,2026-03-01,367.54,21.78,13,1.34,High,Clear,Van,407.65,12.69,Delayed
SHP10610,2026-05-21,222.84,21.91,7,4.72,Medium,Rain,Van,348.81,12.71,Delayed
SHP10611,2026-01-04,278.79,13.03,2,1.86,Low,Clear,Bike,248.4,9.74,On Time
SHP10612,2026-04-18,328.78,38.9,5,1.65,High,Cloudy,Van,384.31,12.28,Delayed
SHP10613,2026-05-04,485.06,38.71,12,3.7,Medium,Rain,Van,536.76,18.23,Delayed
SHP10614,2026-05-26,492.37,19.23,8,3.45,Medium,Rain,Truck,422.94,17.23,Delayed
SHP10615,2026-02-10,147.67,41.84,8,2.53,Medium,Clear,Van,356.5,8.78,On Time
SHP10616,2026-04-17,368.21,11.05,7,3.35,Low,Rain,Truck,347.31,14.23,Delayed
SHP10617,2026-05-19,376.24,0.71,5,1.22,Medium,Cloudy,Van,208.89,11.56,On Time
SHP10618,2026-05-24,176.51,28.77,9,3.53,High,Rain,Bike,434.71,11.44,On Time
SHP10619,2026-02-01,66.32,49.71,9,1.72,Low,Clear,Truck,365.75,4.58,On Time
SHP10620,2026-06-25,25.27,2.41,13,1.73,Medium,Clear,Bike,200.65,4.13,On Time
SHP10621,2026-02-19,389.78,10.8,9,1.23,High,Cloudy,Bike,357.01,12.54,Delayed
SHP10622,2026-03-12,247.4,26.19,14,2.0,Medium,Clear,Van,418.83,10.1,On Time
SHP10623,2026-02-04,492.84,40.59,12,1.99,High,Clear,Van,542.2,15.76,Delayed
SHP10624,2026-01-27,235.16,4.91,2,2.54,Medium,Cloudy,Van,189.78,8.87,On Time
SHP10625,2026-02-15,489.07,20.06,6,1.36,High,Cloudy,Bike,345.32,13.53,Delayed
SHP10626,2026-01-25,208.73,37.48,6,1.37,Low,Clear,Van,280.62,8.17,On Time
SHP10627,2026-05-12,397.87,18.89,1,2.94,Medium,Clear,Bike,382.26,12.75,Delayed
SHP10628,2026-04-18,46.99,9.85,3,1.08,Medium,Clear,Bike,112.92,3.56,On Time
SHP10629,2026-03-12,279.95,10.18,11,3.6,Medium,Rain,Van,402.37,13.2,Delayed
SHP10630,2026-04-09,402.02,20.8,5,4.75,High,Storm,Bike,438.98,17.81,Delayed
SHP10631,2026-04-19,462.73,24.23,3,2.42,Medium,Clear,Van,332.66,14.9,Delayed
SHP10632,2026-02-03,412.18,43.16,5,4.55,Medium,Clear,Van,503.96,14.69,Delayed
SHP10633,2026-02-23,23.3,32.29,4,0.94,Medium,Clear,Van,206.76,4.41,On Time
SHP10634,2026-06-08,189.49,34.67,3,0.69,Medium,Clear,Van,298.68,7.01,On Time
SHP10635,2026-01-03,29.11,49.16,2,3.75,Medium,Rain,Van,358.19,6.77,On Time
SHP10636,2026-06-22,59.09,20.89,11,3.92,Low,Clear,Bike,369.49,7.42,On Time
SHP10637,2026-06-23,339.28,20.47,12,4.29,Medium,Clear,Truck,431.84,13.14,Delayed
SHP10638,2026-02-15,358.06,46.21,7,0.76,High,Clear,Bike,469.28,11.45,On Time
SHP10639,2026-02-27,387.99,12.67,9,4.0,Medium,Clear,Bike,469.83,15.16,Delayed
SHP10640,2026-02-07,433.4,36.63,13,2.19,Medium,Rain,Van,489.4,13.68,Delayed
SHP10641,2026-04-11,371.02,37.85,12,1.87,Medium,Cloudy,Bike,540.46,12.86,Delayed
SHP10642,2026-02-08,401.43,5.34,1,1.28,Medium,Cloudy,Bike,212.93,11.66,On Time
SHP10643,2026-05-23,29.24,23.68,14,4.98,Low,Clear,Bike,445.51,8.42,On Time
SHP10644,2026-03-11,121.09,10.43,1,0.79,Medium,Rain,Van,135.81,4.23,On Time
SHP10645,2026-06-24,312.84,9.68,1,4.22,Medium,Clear,Van,244.85,13.14,Delayed
SHP10646,2026-06-03,429.77,23.46,6,3.38,Low,Rain,Van,383.96,14.25,Delayed
SHP10647,2026-03-14,7.23,14.83,11,3.81,Low,Rain,Truck,311.17,5.66,On Time
SHP10648,2026-04-18,259.74,39.9,2,3.7,Medium,Clear,Van,354.31,10.18,On Time
SHP10649,2026-01-05,340.26,45.43,5,4.36,Medium,Rain,Truck,465.6,13.72,Delayed
SHP10650,2026-01-13,19.66,40.23,4,1.33,Medium,Clear,Van,273.32,3.61,On Time
SHP10651,2026-04-02,203.67,13.67,6,0.5,Low,Cloudy,Truck,184.7,5.41,On Time
SHP10652,2026-03-27,448.34,14.07,14,3.19,Medium,Clear,Van,446.45,15.69,Delayed
SHP10653,2026-03-13,337.45,13.11,5,2.09,Medium,Clear,Van,273.32,10.55,On Time
SHP10654,2026-01-17,122.64,7.18,3,1.06,Medium,Clear,Van,133.92,4.18,On Time
SHP10655,2026-06-01,427.13,47.22,2,1.34,Medium,Clear,Van,379.28,12.04,Delayed
SHP10656,2026-03-15,177.28,20.4,3,1.99,Low,Clear,Bike,227.34,6.82,On Time
SHP10657,2026-03-26,427.41,11.62,2,0.82,High,Clear,Van,304.24,12.25,Delayed
SHP10658,2026-03-14,152.98,42.41,9,0.76,Low,Cloudy,Bike,322.63,5.81,On Time
SHP10659,2026-03-31,297.21,20.26,6,4.62,Medium,Clear,Bike,397.11,13.17,Delayed
SHP10660,2026-04-27,201.49,2.24,7,1.9,Low,Clear,Truck,181.74,7.82,On Time
SHP10661,2026-05-18,141.04,8.52,12,4.92,Medium,Storm,Van,427.94,11.23,On Time
SHP10662,2026-04-09,443.85,32.14,9,4.84,Low,Rain,Van,463.72,16.08,Delayed
SHP10663,2026-01-30,97.86,39.25,3,1.14,High,Clear,Van,298.38,5.87,On Time
SHP10664,2026-06-07,46.98,10.94,6,3.72,Medium,Clear,Van,261.24,6.45,On Time
SHP10665,2026-02-21,174.25,45.91,5,3.2,Medium,Cloudy,Truck,398.94,8.15,On Time
SHP10666,2026-01-03,360.23,42.62,12,3.61,Low,Cloudy,Van,547.7,12.95,Delayed
SHP10667,2026-01-08,404.68,42.49,5,0.93,Low,Clear,Van,393.53,10.6,On Time
SHP10668,2026-05-20,499.38,11.77,2,1.35,Medium,Cloudy,Van,241.1,13.62,Delayed
SHP10669,2026-03-11,151.7,3.0,11,0.84,Medium,Clear,Van,228.13,5.48,On Time
SHP10670,2026-01-05,206.93,43.44,6,3.22,Medium,Clear,Van,363.44,10.04,On Time
SHP10671,2026-05-27,72.73,15.64,2,4.94,High,Cloudy,Truck,287.76,7.94,On Time
SHP10672,2026-02-24,289.56,31.14,10,3.52,Medium,Cloudy,Van,418.8,11.18,On Time
SHP10673,2026-06-26,498.8,38.12,3,3.7,High,Rain,Van,455.47,17.78,Delayed
SHP10674,2026-06-08,351.94,6.85,13,4.93,Low,Clear,Van,381.17,13.97,Delayed
SHP10675,2026-01-09,299.63,39.15,12,3.55,Medium,Clear,Van,508.17,11.57,On Time
SHP10676,2026-05-05,199.22,46.96,6,0.68,Medium,Clear,Truck,293.68,6.59,On Time
SHP10677,2026-04-19,458.07,36.55,8,4.4,Medium,Clear,Van,508.49,16.22,Delayed
SHP10678,2026-01-31,250.97,22.34,8,2.14,High,Clear,Van,317.67,10.19,On Time
SHP10679,2026-03-03,71.51,43.9,10,0.52,Medium,Clear,Van,323.81,4.33,On Time
SHP10680,2026-03-30,185.86,26.61,1,2.78,High,Clear,Van,313.25,8.72,On Time
SHP10681,2026-01-27,38.25,37.37,5,4.72,Medium,Cloudy,Bike,395.05,8.3,On Time
SHP10682,2026-05-10,104.98,41.12,3,1.66,Low,Clear,Van,309.17,5.22,On Time
SHP10683,2026-02-19,13.75,37.59,10,2.71,Medium,Clear,Truck,409.47,4.58,On Time
SHP10684,2026-06-18,229.37,14.75,1,1.28,Medium,Cloudy,Van,163.48,7.69,On Time
SHP10685,2026-05-25,319.1,6.33,8,0.76,High,Clear,Bike,329.28,10.44,On Time
SHP10686,2026-04-25,174.93,12.3,11,0.86,High,Rain,Van,250.16,9.01,On Time
SHP10687,2026-01-22,213.09,25.39,14,3.77,Low,Clear,Van,458.64,9.77,On Time
SHP10688,2026-01-05,479.81,25.51,5,4.39,Low,Clear,Van,405.31,16.42,Delayed
SHP10689,2026-01-27,377.22,29.34,1,1.14,Low,Rain,Van,238.76,10.88,On Time
SHP10690,2026-03-31,272.72,20.06,11,1.8,Medium,Cloudy,Van,365.7,10.87,On Time
SHP10691,2026-05-21,145.85,39.45,1,1.38,Low,Cloudy,Truck,267.93,6.35,On Time
SHP10692,2026-01-28,449.01,45.7,1,0.62,Medium,Cloudy,Bike,409.47,12.35,Delayed
SHP10693,2026-05-08,121.37,12.71,14,2.99,Medium,Clear,Bike,372.42,7.6,On Time
SHP10694,2026-01-09,166.04,36.96,13,3.65,High,Cloudy,Van,494.13,11.13,On Time
SHP10695,2026-02-17,454.99,34.06,10,3.42,Low,Rain,Bike,535.12,15.53,Delayed
SHP10696,2026-04-18,267.12,26.39,12,2.25,Medium,Storm,Van,407.33,12.77,Delayed
SHP10697,2026-05-30,372.45,9.83,2,3.0,Low,Clear,Truck,245.28,11.8,On Time
SHP10698,2026-05-20,297.42,39.86,2,0.92,High,Clear,Bike,356.36,9.73,On Time
SHP10699,2026-04-06,328.45,48.05,5,1.19,Low,Rain,Van,395.22,10.09,On Time
SHP10700,2026-01-07,153.19,36.23,1,4.69,Low,Clear,Truck,291.67,8.08,On Time
SHP10701,2026-02-22,124.48,45.93,13,3.93,Low,Clear,Van,489.38,8.82,On Time
SHP10702,2026-05-22,164.63,49.22,1,4.65,High,Clear,Van,391.0,10.29,On Time
SHP10703,2026-01-15,81.94,17.93,8,4.63,Low,Clear,Van,337.86,8.16,On Time
SHP10704,2026-05-08,437.79,32.09,12,3.42,Medium,Clear,Bike,585.31,14.52,Delayed
SHP10705,2026-05-07,145.21,23.96,11,4.68,Medium,Clear,Bike,423.12,9.95,On Time
SHP10706,2026-05-16,282.94,49.34,4,2.38,Medium,Clear,Van,406.52,11.06,On Time
SHP10707,2026-02-09,397.03,5.14,7,0.52,Low,Clear,Van,242.23,8.87,On Time
SHP10708,2026-02-14,392.99,20.91,8,0.78,Low,Rain,Van,253.65,12.52,Delayed
SHP10709,2026-02-05,222.0,43.84,11,0.99,Medium,Clear,Bike,417.79,7.88,On Time
SHP10710,2026-03-12,240.75,14.56,6,0.93,Low,Clear,Truck,219.38,7.22,On Time
SHP10711,2026-04-05,497.38,39.5,4,2.08,Medium,Clear,Bike,386.12,15.07,Delayed
SHP10712,2026-01-22,338.93,19.45,12,3.66,Medium,Clear,Van,407.77,13.62,Delayed
SHP10713,2026-04-13,408.25,49.01,13,4.06,Medium,Storm,Van,619.36,17.22,Delayed
SHP10714,2026-02-13,451.76,44.23,7,3.16,Low,Rain,Van,497.63,15.78,Delayed
SHP10715,2026-04-12,394.86,15.42,1,1.16,Medium,Clear,Bike,271.99,11.31,On Time
SHP10716,2026-02-24,96.66,38.62,8,3.87,Low,Clear,Bike,426.35,8.37,On Time
SHP10717,2026-06-21,283.27,17.17,13,2.1,Medium,Clear,Van,379.79,10.75,On Time
SHP10718,2026-02-27,55.44,30.51,14,0.56,Low,Clear,Van,338.56,4.66,On Time
SHP10719,2026-06-06,328.2,33.09,6,1.76,High,Clear,Bike,400.24,12.27,Delayed
SHP10720,2026-02-01,477.9,41.56,3,1.99,Medium,Clear,Van,400.26,13.06,Delayed
SHP10721,2026-01-16,258.8,1.71,9,1.73,Low,Clear,Van,219.76,9.99,On Time
SHP10722,2026-02-03,219.32,11.4,12,4.15,Low,Cloudy,Bike,426.54,10.18,On Time
SHP10723,2026-03-17,22.74,35.74,14,3.92,Low,Clear,Van,476.27,7.07,On Time
SHP10724,2026-06-12,480.09,28.39,1,3.63,Low,Clear,Bike,441.01,14.94,Delayed
SHP10725,2026-02-01,55.99,25.03,5,1.13,Low,Clear,Van,201.69,3.91,On Time
SHP10726,2026-05-22,25.33,3.23,7,4.14,High,Clear,Bike,242.01,6.68,On Time
SHP10727,2026-05-06,126.8,17.74,2,3.55,Medium,Clear,Van,281.0,7.91,On Time
SHP10728,2026-03-04,37.44,43.32,13,1.38,Low,Clear,Van,397.55,3.82,On Time
SHP10729,2026-03-02,230.28,2.03,2,3.42,Medium,Clear,Van,216.39,10.47,On Time
SHP10730,2026-06-20,260.46,20.12,10,2.68,Low,Clear,Van,334.04,9.97,On Time
SHP10731,2026-05-09,159.72,47.28,13,2.48,High,Rain,Truck,498.04,10.7,On Time
SHP10732,2026-02-13,30.23,3.02,10,1.0,Low,Rain,Van,146.64,2.11,On Time
SHP10733,2026-06-14,60.24,37.61,11,2.83,Medium,Clear,Truck,411.31,6.25,On Time
SHP10734,2026-03-15,195.33,13.25,4,0.95,Medium,Clear,Bike,248.34,6.82,On Time
SHP10735,2026-01-15,34.96,43.4,12,1.24,Low,Cloudy,Van,408.28,4.03,On Time
SHP10736,2026-05-27,350.6,37.43,6,1.1,Low,Cloudy,Bike,399.04,10.79,On Time
SHP10737,2026-06-06,107.48,44.34,1,4.79,Medium,Clear,Van,341.49,8.37,On Time
SHP10738,2026-03-21,154.53,11.19,6,1.78,High,Clear,Van,249.77,7.66,On Time
SHP10739,2026-05-07,200.09,26.8,5,2.1,Medium,Clear,Truck,339.66,8.78,On Time
SHP10740,2026-02-12,211.22,39.07,8,1.95,Medium,Cloudy,Van,357.87,7.38,On Time
SHP10741,2026-06-03,5.82,12.66,4,4.54,Medium,Clear,Van,250.89,6.3,On Time
SHP10742,2026-03-08,60.47,11.92,7,3.03,High,Clear,Bike,315.19,6.68,On Time
SHP10743,2026-02-18,432.07,1.85,6,4.64,Medium,Clear,Bike,401.12,14.99,Delayed
SHP10744,2026-04-01,5.61,47.95,5,1.85,Medium,Clear,Truck,386.4,3.95,On Time
SHP10745,2026-02-18,256.54,35.65,10,1.02,Medium,Clear,Bike,380.55,9.48,On Time
SHP10746,2026-04-22,247.3,31.96,5,3.0,Low,Cloudy,Bike,343.74,10.31,On Time
SHP10747,2026-05-15,169.88,37.33,11,2.05,High,Clear,Truck,443.54,8.88,On Time
SHP10748,2026-03-15,218.51,26.81,4,4.11,Low,Clear,Truck,296.32,10.33,On Time
SHP10749,2026-05-22,391.39,24.07,13,4.46,Low,Clear,Van,482.92,15.2,Delayed
SHP10750,2026-03-19,421.4,22.75,6,2.63,High,Rain,Van,381.51,15.19,Delayed
SHP10751,2026-06-24,133.87,32.2,1,4.87,Low,Clear,Truck,343.61,8.1,On Time
SHP10752,2026-02-17,164.63,10.48,3,2.99,Low,Clear,Bike,244.54,6.83,On Time
SHP10753,2026-05-07,125.03,44.46,12,1.72,Low,Clear,Van,420.09,6.69,On Time
SHP10754,2026-04-07,242.53,40.68,13,2.7,Medium,Rain,Van,466.31,11.09,On Time
SHP10755,2026-06-19,343.21,17.8,3,0.67,High,Rain,Truck,262.27,10.62,On Time
SHP10756,2026-02-09,117.99,29.14,9,4.12,Low,Rain,Truck,476.35,7.7,On Time
SHP10757,2026-02-05,168.71,7.48,9,0.96,Low,Cloudy,Van,230.08,6.41,On Time
SHP10758,2026-06-06,465.54,48.63,2,1.89,Medium,Clear,Bike,456.64,13.45,Delayed
SHP10759,2026-06-12,29.04,45.19,7,3.04,High,Clear,Van,366.9,6.79,On Time
SHP10760,2026-05-15,233.08,46.13,10,0.69,Low,Clear,Bike,394.98,8.17,On Time
SHP10761,2026-03-27,357.22,16.94,14,0.86,High,Cloudy,Truck,363.58,11.33,On Time
SHP10762,2026-03-15,79.47,8.87,12,3.63,High,Cloudy,Bike,338.92,8.44,On Time
SHP10763,2026-04-30,28.45,10.98,2,0.82,Low,Clear,Bike,106.18,1.84,On Time
SHP10764,2026-05-15,73.41,4.96,4,2.65,High,Rain,Van,246.03,7.39,On Time
SHP10765,2026-02-19,459.82,6.45,7,2.02,Medium,Clear,Van,332.64,14.42,Delayed
SHP10766,2026-01-02,9.58,4.03,3,1.53,Medium,Clear,Truck,111.85,2.03,On Time
SHP10767,2026-01-14,98.22,49.5,8,1.35,Medium,Clear,Bike,354.64,5.91,On Time
SHP10768,2026-03-04,20.49,4.17,1,3.94,High,Rain,Truck,220.26,7.64,On Time
SHP10769,2026-05-03,59.76,7.06,2,4.78,Medium,Rain,Bike,231.39,7.74,On Time
SHP10770,2026-03-21,311.97,41.45,1,1.13,Medium,Clear,Bike,293.75,9.36,On Time
SHP10771,2026-04-22,124.61,29.22,5,4.82,High,Storm,Van,406.41,11.89,On Time
SHP10772,2026-03-26,286.76,38.83,11,3.18,Medium,Rain,Bike,524.64,12.6,Delayed
SHP10773,2026-02-15,297.15,31.73,3,3.39,High,Rain,Van,314.18,13.46,Delayed
SHP10774,2026-05-15,425.47,44.17,14,3.69,High,Rain,Bike,619.81,17.64,Delayed
SHP10775,2026-05-11,7.35,32.1,4,3.67,Low,Clear,Bike,290.28,4.15,On Time
SHP10776,2026-06-23,427.42,26.35,1,4.19,Low,Rain,Van,372.27,15.58,Delayed
SHP10777,2026-05-29,311.46,35.78,5,2.68,Medium,Cloudy,Bike,395.51,12.13,Delayed
SHP10778,2026-03-10,85.56,22.65,11,2.9,High,Cloudy,Van,346.17,8.06,On Time
SHP10779,2026-05-07,387.6,17.63,2,1.96,Low,Clear,Van,272.32,10.25,On Time
SHP10780,2026-03-05,428.47,23.65,2,0.97,Medium,Cloudy,Bike,302.06,11.87,On Time
SHP10781,2026-06-07,130.86,8.9,12,3.49,Low,Storm,Truck,328.05,9.28,On Time
SHP10782,2026-04-20,459.8,39.93,9,0.65,Medium,Clear,Van,390.42,12.18,Delayed
SHP10783,2026-05-31,229.96,13.4,5,1.74,Medium,Storm,Van,205.51,9.5,On Time
SHP10784,2026-02-20,303.7,8.1,11,0.92,Low,Clear,Bike,321.3,8.0,On Time
SHP10785,2026-01-03,492.4,12.69,12,1.36,High,Clear,Truck,376.32,15.58,Delayed
SHP10786,2026-01-26,183.96,42.18,6,3.37,Low,Clear,Van,415.01,8.75,On Time
SHP10787,2026-04-06,407.51,16.84,8,3.33,High,Rain,Van,387.79,14.74,Delayed
SHP10788,2026-06-23,162.61,34.46,1,2.39,Low,Cloudy,Truck,238.32,7.11,On Time
SHP10789,2026-04-23,400.61,42.89,5,0.91,High,Clear,Van,428.91,12.49,Delayed
SHP10790,2026-05-26,302.36,4.35,9,2.45,Medium,Cloudy,Truck,237.3,11.25,On Time
SHP10791,2026-03-26,112.1,38.37,3,2.09,Low,Clear,Van,315.41,5.24,On Time
SHP10792,2026-06-22,209.94,15.73,14,3.74,Low,Clear,Truck,422.18,9.44,On Time
SHP10793,2026-06-19,162.23,11.22,14,3.11,Low,Rain,Truck,364.01,8.4,On Time
SHP10794,2026-02-09,43.66,34.6,4,2.71,Medium,Cloudy,Truck,275.3,5.09,On Time
SHP10795,2026-06-05,19.77,45.53,6,2.69,High,Rain,Bike,357.39,6.67,On Time
SHP10796,2026-01-04,176.51,15.1,3,4.85,Medium,Cloudy,Truck,287.91,10.28,On Time
SHP10797,2026-04-17,14.42,28.66,8,3.9,Medium,Storm,Truck,314.24,7.39,On Time
SHP10798,2026-03-20,86.92,14.85,2,2.74,Medium,Clear,Van,179.17,5.55,On Time
SHP10799,2026-02-24,363.97,27.94,6,2.66,Medium,Clear,Van,386.55,12.15,Delayed
SHP10800,2026-06-18,355.51,31.28,8,0.62,Medium,Clear,Truck,343.04,11.84,On Time
SHP10801,2026-04-30,370.6,30.71,9,4.74,Medium,Cloudy,Bike,492.55,14.6,Delayed
SHP10802,2026-01-25,161.99,31.37,9,1.94,Medium,Cloudy,Van,364.95,7.3,On Time
SHP10803,2026-01-26,445.56,7.19,4,1.65,High,Cloudy,Van,285.05,15.94,Delayed
SHP10804,2026-01-22,298.95,34.83,12,5.0,Medium,Clear,Bike,591.62,14.07,Delayed
SHP10805,2026-02-24,67.38,33.9,10,3.73,Low,Clear,Van,402.7,5.81,On Time
SHP10806,2026-01-13,76.14,34.29,11,0.71,Low,Cloudy,Bike,347.66,4.6,On Time
SHP10807,2026-02-17,348.08,4.17,7,0.78,Medium,Storm,Van,238.97,10.88,On Time
SHP10808,2026-05-18,90.61,22.62,13,0.61,Low,Clear,Truck,311.54,4.69,On Time
SHP10809,2026-06-07,256.11,20.75,6,3.2,High,Clear,Van,318.79,11.29,On Time
SHP10810,2026-05-22,495.93,4.79,12,0.82,Medium,Clear,Van,324.77,13.4,Delayed
SHP10811,2026-03-31,6.98,11.51,3,4.7,Medium,Clear,Bike,240.51,7.0,On Time
SHP10812,2026-05-06,13.21,22.33,4,4.72,Medium,Clear,Truck,291.34,6.74,On Time
SHP10813,2026-06-19,496.58,37.27,8,2.96,Low,Clear,Truck,448.23,15.86,Delayed
SHP10814,2026-01-10,294.4,12.23,8,3.27,High,Cloudy,Bike,398.08,12.86,Delayed
SHP10815,2026-06-12,67.82,41.57,11,1.81,Low,Clear,Van,383.46,4.63,On Time
SHP10816,2026-05-11,449.16,27.52,5,0.79,Medium,Clear,Van,317.57,12.67,Delayed
SHP10817,2026-03-11,440.79,38.14,13,3.82,High,Clear,Van,550.92,17.64,Delayed
SHP10818,2026-03-22,270.42,23.89,5,0.96,Medium,Rain,Van,295.34,9.23,On Time
SHP10819,2026-03-20,312.79,25.21,8,0.89,High,Clear,Van,346.33,11.66,On Time
SHP10820,2026-01-29,140.23,31.18,14,1.9,Medium,Clear,Van,375.31,7.82,On Time
SHP10821,2026-02-11,30.01,46.43,8,0.56,High,Clear,Bike,340.08,4.35,On Time
SHP10822,2026-02-23,299.31,24.84,10,2.45,Medium,Cloudy,Van,340.22,11.35,On Time
SHP10823,2026-01-02,150.9,26.67,13,3.68,Medium,Rain,Truck,420.28,9.98,On Time
SHP10824,2026-04-01,333.49,30.3,14,4.11,Low,Clear,Bike,528.14,12.45,Delayed
SHP10825,2026-03-27,418.94,37.01,7,3.22,Low,Clear,Van,422.98,13.68,Delayed
SHP10826,2026-03-01,13.99,4.06,6,4.31,Medium,Clear,Bike,278.07,6.08,On Time
SHP10827,2026-02-01,299.88,26.03,3,2.33,Low,Cloudy,Truck,245.06,9.7,On Time
SHP10828,2026-06-24,119.48,24.34,8,4.32,Medium,Rain,Van,386.47,9.61,On Time
SHP10829,2026-05-03,437.57,46.12,13,2.78,High,Clear,Van,623.93,15.91,Delayed
SHP10830,2026-03-27,130.56,24.93,7,1.5,High,Clear,Bike,337.45,7.53,On Time
SHP10831,2026-05-11,307.33,23.68,5,4.75,Low,Rain,Van,377.23,13.56,Delayed
SHP10832,2026-03-08,279.0,48.13,2,1.74,High,Cloudy,Truck,332.09,10.78,On Time
SHP10833,2026-02-08,201.1,22.8,6,0.62,Low,Clear,Van,201.98,5.22,On Time
SHP10834,2026-05-02,340.42,9.45,4,1.59,Medium,Clear,Van,224.39,11.46,On Time
SHP10835,2026-05-19,364.26,11.24,14,2.15,High,Clear,Van,387.34,13.21,Delayed
SHP10836,2026-04-28,285.63,5.21,8,2.08,Low,Rain,Van,236.7,9.98,On Time
SHP10837,2026-04-12,380.42,0.53,2,2.86,Low,Cloudy,Van,202.89,11.68,On Time
SHP10838,2026-01-01,491.79,21.88,1,4.47,Low,Cloudy,Van,358.14,15.85,Delayed
SHP10839,2026-04-25,212.54,38.58,12,1.82,Medium,Rain,Bike,455.29,10.39,On Time
SHP10840,2026-04-22,259.72,36.81,14,2.84,High,Clear,Van,470.52,12.81,Delayed
SHP10841,2026-03-16,11.17,2.09,11,2.03,Low,Clear,Truck,190.46,3.65,On Time
SHP10842,2026-02-13,399.03,28.71,2,4.2,Low,Clear,Truck,344.61,13.71,Delayed
SHP10843,2026-06-26,262.51,8.14,2,1.21,Medium,Rain,Truck,156.44,9.17,On Time
SHP10844,2026-03-09,206.94,47.08,3,0.97,Low,Cloudy,Van,354.95,6.81,On Time
SHP10845,2026-02-18,51.57,8.78,11,2.76,Medium,Clear,Van,284.74,5.58,On Time
SHP10846,2026-05-08,445.38,31.52,11,3.52,High,Clear,Van,470.78,16.68,Delayed
SHP10847,2026-03-28,200.53,16.65,12,4.08,Medium,Cloudy,Truck,399.55,10.43,On Time
SHP10848,2026-04-11,342.88,32.26,2,3.15,High,Cloudy,Van,382.99,13.47,Delayed
SHP10849,2026-04-27,78.94,20.91,3,3.98,Medium,Cloudy,Van,271.7,7.35,On Time
SHP10850,2026-03-08,480.97,38.1,13,2.27,High,Clear,Van,502.33,16.61,Delayed
SHP10851,2026-01-28,93.33,11.92,14,0.65,Low,Rain,Truck,301.73,4.51,On Time
SHP10852,2026-01-31,103.77,45.34,11,1.02,Low,Rain,Truck,342.03,6.08,On Time
SHP10853,2026-06-19,430.2,25.26,2,0.67,Medium,Cloudy,Truck,263.83,11.15,On Time
SHP10854,2026-04-01,456.73,37.93,1,1.98,Low,Cloudy,Van,346.3,12.72,Delayed
SHP10855,2026-03-17,110.01,42.56,1,2.73,High,Rain,Van,342.66,7.95,On Time
SHP10856,2026-02-27,237.55,49.94,10,2.1,Medium,Rain,Van,500.93,9.64,On Time
SHP10857,2026-05-10,368.08,11.59,12,3.02,High,Cloudy,Van,423.08,14.91,Delayed
SHP10858,2026-06-14,439.79,14.7,9,2.66,Low,Clear,Truck,324.68,12.95,Delayed
SHP10859,2026-05-19,192.63,12.9,4,3.55,Medium,Clear,Van,297.92,8.69,On Time
SHP10860,2026-04-07,260.92,13.51,11,3.5,Medium,Rain,Van,356.54,12.6,Delayed
SHP10861,2026-03-27,372.15,29.33,1,1.93,Low,Cloudy,Van,288.39,10.69,On Time
SHP10862,2026-06-05,366.91,49.68,12,2.06,Medium,Clear,Van,479.86,12.45,Delayed
SHP10863,2026-06-04,392.57,49.52,13,3.13,Medium,Clear,Van,536.38,13.68,Delayed
SHP10864,2026-03-12,287.12,26.58,11,3.18,High,Rain,Bike,471.6,13.76,Delayed
SHP10865,2026-06-23,56.78,32.13,13,1.92,Medium,Rain,Truck,378.57,6.61,On Time
SHP10866,2026-05-29,452.47,43.07,9,1.99,Low,Storm,Van,414.42,15.42,Delayed
SHP10867,2026-06-02,433.46,46.68,7,3.62,Medium,Clear,Van,516.21,15.5,Delayed
SHP10868,2026-01-11,400.06,10.59,5,3.41,Medium,Rain,Bike,340.3,14.37,Delayed
SHP10869,2026-01-24,54.43,26.66,13,1.11,Low,Rain,Van,345.48,4.26,On Time
SHP10870,2026-02-23,106.18,41.73,10,2.48,Medium,Clear,Van,395.19,6.46,On Time
SHP10871,2026-05-18,373.08,15.51,3,4.52,Low,Clear,Truck,284.08,14.21,Delayed
SHP10872,2026-01-15,16.45,22.27,14,0.66,Low,Storm,Bike,288.64,4.58,On Time
SHP10873,2026-01-15,489.72,49.29,1,4.35,Medium,Clear,Truck,430.64,16.29,Delayed
SHP10874,2026-01-06,191.69,49.26,9,1.23,Low,Cloudy,Van,425.71,7.23,On Time
SHP10875,2026-02-04,361.06,45.35,3,2.78,Medium,Cloudy,Van,407.17,12.41,Delayed
SHP10876,2026-06-15,444.35,40.02,10,2.41,Low,Cloudy,Bike,508.11,13.29,Delayed
SHP10877,2026-05-10,200.34,13.82,6,0.55,Medium,Clear,Van,224.54,6.55,On Time
SHP10878,2026-05-10,162.97,16.38,7,4.62,Low,Cloudy,Truck,299.58,9.15,On Time
SHP10879,2026-02-22,306.33,27.59,10,2.55,High,Clear,Van,387.13,11.71,On Time
SHP10880,2026-04-23,292.59,28.26,11,4.79,Low,Rain,Van,476.22,12.53,Delayed
SHP10881,2026-05-21,207.52,25.52,6,1.79,Medium,Clear,Van,268.19,7.05,On Time
SHP10882,2026-04-06,302.88,32.02,14,4.4,Low,Cloudy,Truck,465.08,12.81,Delayed
SHP10883,2026-06-04,468.01,20.71,7,4.65,Low,Rain,Van,448.29,16.71,Delayed
SHP10884,2026-04-13,236.48,37.58,3,3.01,Medium,Clear,Truck,352.93,9.23,On Time
SHP10885,2026-02-28,102.39,17.01,1,1.41,High,Clear,Bike,162.89,6.16,On Time
SHP10886,2026-04-25,191.72,16.87,3,3.58,High,Rain,Truck,269.85,10.75,On Time
SHP10887,2026-06-19,200.08,6.8,10,2.97,Low,Clear,Van,267.73,8.84,On Time
SHP10888,2026-05-29,69.9,9.84,8,4.75,Low,Clear,Bike,350.75,7.15,On Time
SHP10889,2026-03-31,85.62,42.6,5,2.48,Medium,Clear,Truck,360.48,5.62,On Time
SHP10890,2026-04-18,343.86,22.59,7,1.71,Medium,Rain,Bike,351.44,11.75,On Time
SHP10891,2026-06-25,173.04,11.78,12,1.12,Low,Cloudy,Bike,303.76,5.71,On Time
SHP10892,2026-05-15,477.67,38.09,9,3.64,Medium,Clear,Van,471.18,16.56,Delayed
SHP10893,2026-04-01,125.58,27.92,1,4.88,Medium,Storm,Van,300.77,9.83,On Time
SHP10894,2026-02-20,53.97,1.55,1,0.63,Medium,Clear,Bike,74.53,3.28,On Time
SHP10895,2026-06-13,377.98,16.16,7,3.83,Medium,Clear,Van,385.4,13.58,Delayed
SHP10896,2026-06-25,441.11,9.26,6,4.67,Medium,Clear,Truck,350.97,16.5,Delayed
SHP10897,2026-01-13,142.67,32.97,12,0.84,Low,Clear,Truck,339.69,4.89,On Time
SHP10898,2026-01-06,105.03,14.11,9,1.0,Medium,Clear,Bike,249.05,4.61,On Time
SHP10899,2026-01-21,96.95,3.71,11,3.61,Low,Cloudy,Van,279.42,7.32,On Time
SHP10900,2026-03-11,263.4,3.22,9,3.42,Medium,Clear,Truck,284.63,11.53,On Time
SHP10901,2026-01-29,236.87,29.3,5,0.81,Medium,Cloudy,Bike,289.72,8.82,On Time
SHP10902,2026-06-08,133.42,1.58,10,4.25,Medium,Clear,Bike,322.44,8.86,On Time
SHP10903,2026-06-14,27.36,42.52,9,2.86,Low,Clear,Bike,387.57,6.0,On Time
SHP10904,2026-02-02,243.34,8.19,11,4.58,Low,Clear,Van,372.03,10.99,On Time
SHP10905,2026-05-30,479.87,30.53,3,4.45,Medium,Cloudy,Bike,446.12,17.38,Delayed
SHP10906,2026-01-26,328.0,22.51,9,4.16,Medium,Cloudy,Van,395.76,12.87,Delayed
SHP10907,2026-05-22,250.28,22.42,4,2.82,High,Clear,Truck,318.36,11.02,On Time
SHP10908,2026-03-07,59.79,4.05,12,1.63,Medium,Clear,Bike,282.92,3.37,On Time
SHP10909,2026-01-08,129.96,40.24,12,2.78,High,Clear,Van,460.55,8.23,On Time
SHP10910,2026-03-19,150.91,44.71,9,0.95,Low,Rain,Bike,361.96,6.74,On Time
SHP10911,2026-05-29,383.58,1.05,14,3.46,Medium,Clear,Bike,431.99,13.13,Delayed
SHP10912,2026-06-18,438.97,9.34,8,1.1,Low,Rain,Truck,229.82,12.77,Delayed
SHP10913,2026-01-22,451.31,45.24,1,2.8,Medium,Clear,Van,438.53,14.8,Delayed
SHP10914,2026-05-31,492.36,27.7,9,0.74,Low,Clear,Truck,348.28,12.64,Delayed
SHP10915,2026-02-22,491.27,7.93,11,1.85,Low,Cloudy,Van,329.22,13.56,Delayed
SHP10916,2026-03-25,476.73,10.54,2,1.54,Medium,Clear,Bike,291.17,12.94,Delayed
SHP10917,2026-01-20,40.55,33.17,2,3.29,Medium,Clear,Van,268.34,4.97,On Time
SHP10918,2026-06-25,73.21,36.38,4,4.04,Low,Storm,Bike,377.14,8.06,On Time
SHP10919,2026-05-23,155.71,30.17,12,0.76,Low,Clear,Truck,317.51,5.8,On Time
SHP10920,2026-04-26,278.68,47.68,8,4.33,Medium,Clear,Van,506.07,12.35,Delayed
SHP10921,2026-05-11,53.0,24.96,14,4.37,Low,Clear,Van,430.62,8.18,On Time
SHP10922,2026-06-07,423.67,15.36,13,2.04,Low,Clear,Van,370.06,12.45,Delayed
SHP10923,2026-01-26,310.29,24.12,8,3.47,Medium,Rain,Van,394.87,13.63,Delayed
SHP10924,2026-02-14,273.47,18.3,10,2.31,Low,Clear,Truck,328.12,8.98,On Time
SHP10925,2026-01-07,86.83,11.61,5,1.19,Medium,Rain,Bike,149.79,5.21,On Time
SHP10926,2026-03-30,130.36,2.78,2,2.88,Medium,Cloudy,Bike,189.41,7.68,On Time
SHP10927,2026-03-30,84.35,17.93,6,0.89,Low,Storm,Bike,202.78,5.84,On Time
SHP10928,2026-01-06,426.71,35.71,9,4.45,Low,Rain,Van,498.38,15.73,Delayed
SHP10929,2026-04-30,294.19,1.41,3,4.66,Low,Rain,Van,259.87,12.69,Delayed
SHP10930,2026-01-02,368.89,22.24,4,4.2,Low,Cloudy,Bike,402.47,13.63,Delayed
SHP10931,2026-05-23,151.54,32.38,1,3.03,Low,Clear,Van,307.77,6.74,On Time
SHP10932,2026-05-07,188.77,30.72,11,3.01,High,Clear,Van,398.84,10.62,On Time
SHP10933,2026-05-27,205.4,38.94,13,4.93,High,Cloudy,Bike,559.04,14.12,Delayed
SHP10934,2026-01-22,381.21,40.62,12,1.62,Medium,Clear,Truck,463.86,12.62,Delayed
SHP10935,2026-06-06,387.31,35.73,6,0.84,Medium,Cloudy,Van,365.02,11.7,On Time
SHP10936,2026-04-09,107.37,5.59,9,3.03,Medium,Clear,Van,275.54,7.41,On Time
SHP10937,2026-06-05,471.06,24.01,14,1.98,High,Rain,Van,546.05,15.48,Delayed
SHP10938,2026-05-06,64.72,30.37,9,1.95,Low,Clear,Van,323.52,4.95,On Time
SHP10939,2026-04-29,448.58,12.66,5,0.53,Low,Rain,Truck,248.57,11.34,On Time
SHP10940,2026-01-06,54.7,2.61,5,3.18,Low,Clear,Van,175.91,4.68,On Time
SHP10941,2026-05-05,135.95,11.57,11,1.69,Low,Clear,Van,242.08,7.23,On Time
SHP10942,2026-03-22,424.01,23.02,7,1.35,Low,Rain,Truck,297.37,12.35,Delayed
SHP10943,2026-06-02,93.85,20.99,12,0.68,High,Rain,Truck,320.99,6.04,On Time
SHP10944,2026-05-04,209.72,9.25,13,2.14,High,Cloudy,Truck,345.28,10.64,On Time
SHP10945,2026-01-14,227.68,41.31,1,4.46,Low,Storm,Bike,404.66,11.22,On Time
SHP10946,2026-06-10,126.4,46.32,11,2.02,Medium,Clear,Bike,432.62,6.79,On Time
SHP10947,2026-01-12,356.57,10.47,6,3.56,Medium,Rain,Van,316.34,14.33,Delayed
SHP10948,2026-02-23,426.41,46.51,8,3.9,Medium,Clear,Van,517.3,15.4,Delayed
SHP10949,2026-02-09,437.91,1.38,4,1.98,Medium,Clear,Van,256.42,11.91,On Time
SHP10950,2026-06-25,172.96,46.29,6,4.2,Low,Clear,Truck,442.68,9.6,On Time
SHP10951,2026-01-28,267.77,47.62,5,3.61,High,Clear,Van,436.67,12.1,Delayed
SHP10952,2026-06-02,127.96,1.1,1,3.02,High,Cloudy,Van,193.93,8.88,On Time
SHP10953,2026-02-09,126.17,38.27,11,0.5,Medium,Cloudy,Van,331.49,5.28,On Time
SHP10954,2026-04-28,84.82,48.52,3,0.66,Medium,Clear,Van,298.77,4.8,On Time
SHP10955,2026-01-17,470.31,45.34,6,4.96,Medium,Rain,Van,530.91,19.0,Delayed
SHP10956,2026-03-12,444.55,48.55,3,4.02,Low,Clear,Van,505.09,14.41,Delayed
SHP10957,2026-04-23,389.79,27.74,3,4.72,Low,Clear,Van,379.53,14.04,Delayed
SHP10958,2026-05-08,261.24,4.37,6,4.56,Medium,Cloudy,Van,312.06,12.13,Delayed
SHP10959,2026-06-07,247.85,42.56,13,0.59,Low,Clear,Van,425.15,7.34,On Time
SHP10960,2026-05-27,267.22,30.88,14,4.06,High,Clear,Van,494.39,13.45,Delayed
SHP10961,2026-04-04,270.6,30.93,6,2.53,Medium,Cloudy,Bike,380.51,10.26,On Time
SHP10962,2026-02-24,220.11,21.15,8,4.05,Medium,Clear,Van,366.57,10.49,On Time
SHP10963,2026-02-17,70.22,28.81,14,0.53,Low,Clear,Van,307.84,3.79,On Time
SHP10964,2026-06-28,67.2,8.1,4,1.8,High,Cloudy,Van,176.12,5.75,On Time
SHP10965,2026-04-20,476.36,37.12,14,3.88,Low,Clear,Van,583.79,16.33,Delayed
SHP10966,2026-06-13,243.61,4.21,2,4.07,Low,Rain,Truck,200.67,10.23,On Time
SHP10967,2026-03-20,476.84,36.62,4,3.29,Low,Rain,Bike,478.21,15.21,Delayed
SHP10968,2026-03-29,85.97,42.52,5,1.86,Medium,Clear,Van,331.12,5.41,On Time
SHP10969,2026-05-29,279.44,23.89,1,1.9,High,Clear,Truck,221.41,10.25,On Time
SHP10970,2026-05-11,107.82,25.74,12,4.85,Low,Clear,Truck,431.0,8.45,On Time
SHP10971,2026-02-06,130.33,15.95,12,2.48,High,Cloudy,Van,315.36,8.72,On Time
SHP10972,2026-04-05,19.88,48.49,6,2.51,Low,Clear,Van,365.99,3.13,On Time
SHP10973,2026-02-08,63.88,36.79,12,2.99,Medium,Rain,Truck,396.82,6.87,On Time
SHP10974,2026-05-17,458.84,18.76,11,2.34,Low,Clear,Van,396.26,13.68,Delayed
SHP10975,2026-01-06,164.16,9.15,12,2.99,Medium,Cloudy,Bike,311.32,8.19,On Time
SHP10976,2026-05-29,306.02,11.37,12,2.45,Medium,Clear,Bike,389.01,12.12,Delayed
SHP10977,2026-06-17,235.18,23.46,9,4.22,Medium,Clear,Truck,414.67,11.26,On Time
SHP10978,2026-01-05,203.22,47.16,2,4.59,Low,Clear,Van,384.98,10.14,On Time
SHP10979,2026-04-24,268.28,36.84,13,4.69,High,Cloudy,Bike,558.92,13.85,Delayed
SHP10980,2026-01-15,97.68,11.15,9,3.04,High,Storm,Van,315.58,9.35,On Time
SHP10981,2026-03-06,494.36,43.05,13,2.49,Medium,Clear,Truck,529.75,15.1,Delayed
SHP10982,2026-03-02,410.06,19.22,14,3.67,Medium,Clear,Van,412.75,14.83,Delayed
SHP10983,2026-04-04,372.1,42.66,3,4.27,Medium,Clear,Truck,475.62,13.53,Delayed
SHP10984,2026-06-15,237.04,12.46,6,3.03,Low,Clear,Van,289.33,8.96,On Time
SHP10985,2026-03-25,80.67,31.12,3,3.65,High,Rain,Truck,339.55,7.02,On Time
SHP10986,2026-03-13,460.73,46.37,1,3.87,Low,Rain,Truck,406.25,14.97,Delayed
SHP10987,2026-01-17,173.99,13.27,14,3.54,Medium,Rain,Van,340.49,11.07,On Time
SHP10988,2026-06-09,29.8,34.8,13,3.86,Low,Clear,Van,439.25,6.68,On Time
SHP10989,2026-02-26,174.49,49.37,14,1.44,Low,Clear,Bike,459.6,8.02,On Time
SHP10990,2026-03-25,398.26,7.95,13,2.74,Medium,Cloudy,Truck,379.35,14.56,Delayed
SHP10991,2026-01-17,313.24,4.88,10,3.15,Medium,Clear,Van,322.76,12.17,Delayed
SHP10992,2026-02-21,376.67,33.87,8,0.51,High,Cloudy,Van,382.94,11.66,On Time
SHP10993,2026-04-10,397.85,17.32,14,4.35,High,Clear,Truck,464.02,15.7,Delayed
SHP10994,2026-06-12,109.92,4.03,8,3.25,Low,Clear,Bike,273.54,7.26,On Time
SHP10995,2026-03-01,462.27,24.03,9,1.08,Low,Rain,Truck,303.29,13.3,Delayed
SHP10996,2026-04-11,221.8,37.81,3,4.17,Medium,Clear,Bike,462.23,12.09,Delayed
SHP10997,2026-06-07,321.31,14.61,11,3.73,Medium,Storm,Van,454.53,14.0,Delayed
SHP10998,2026-03-06,6.14,17.08,12,3.91,Medium,Clear,Van,388.06,7.2,On Time
SHP10999,2026-02-23,496.72,42.36,10,2.26,High,Clear,Van,549.44,16.32,Delayed
SHP11000,2026-01-08,144.04,26.24,7,4.34,Medium,Clear,Van,369.19,10.02,On Time
